,template,run,mean,source_data,bw,paylen,impl_head,has_crc,cr,frames,frame_period,delay_sf1,delay_sf2,delay_sf3,delay_sf4,delay_sf5,delay_sf6,num_right,num_total,num_dec,num_per,time,load,data_rate
0,lora_sim_multi1,0,200,PKdhtXMmr18n2L9K88eMlGn7CcctT9RwKSB1FebW397VI5uG1yhc3uavuaOb9vyJ,250000,64,True,False,4,15,200,0,0,0,0,0,0,11,15,14,73.33333333333333,4.5146613121032715,1.66,212.64053572000049
1,lora_sim_multi1,0,200,PKdhtXMmr18n2L9K88eMlGn7CcctT9RwKSB1FebW397VI5uG1yhc3uavuaOb9vyJ,250000,64,True,False,4,15,1000,0,0,0,0,0,0,13,15,14,86.66666666666667,4.516757965087891,1.69,212.54182921030605
2,lora_sim_multi1,1,200,PKdhtXMmr18n2L9K88eMlGn7CcctT9RwKSB1FebW397VI5uG1yhc3uavuaOb9vyJ,250000,64,True,False,4,15,200,0,0,0,0,0,0,3,15,13,20.0,7.106376886367798,1.55,135.08993617290034
3,lora_sim_multi1,1,200,PKdhtXMmr18n2L9K88eMlGn7CcctT9RwKSB1FebW397VI5uG1yhc3uavuaOb9vyJ,250000,64,True,False,4,15,1000,0,0,0,0,0,0,15,15,15,100.0,7.109849691390991,6.75,135.02395151368987
4,lora_sim_multi1,2,200,PKdhtXMmr18n2L9K88eMlGn7CcctT9RwKSB1FebW397VI5uG1yhc3uavuaOb9vyJ,250000,64,True,False,4,15,200,0,0,0,0,0,0,13,15,14,86.66666666666667,7.139254808425903,6.21,134.46781572594764
5,lora_sim_multi1,2,200,PKdhtXMmr18n2L9K88eMlGn7CcctT9RwKSB1FebW397VI5uG1yhc3uavuaOb9vyJ,250000,64,True,False,4,15,1000,0,0,0,0,0,0,7,15,12,46.666666666666664,4.505422830581665,5.71,213.0765604248649
6,lora_sim_multi1,3,200,PKdhtXMmr18n2L9K88eMlGn7CcctT9RwKSB1FebW397VI5uG1yhc3uavuaOb9vyJ,250000,64,True,False,4,15,200,0,0,0,0,0,0,15,15,15,100.0,7.129916429519653,5.25,134.6439343980748
7,lora_sim_multi1,3,200,PKdhtXMmr18n2L9K88eMlGn7CcctT9RwKSB1FebW397VI5uG1yhc3uavuaOb9vyJ,250000,64,True,False,4,15,1000,0,0,0,0,0,0,5,15,5,33.33333333333333,90.0888020992279,3.79,10.656152347798034
8,lora_sim_multi1,4,200,PKdhtXMmr18n2L9K88eMlGn7CcctT9RwKSB1FebW397VI5uG1yhc3uavuaOb9vyJ,250000,64,True,False,4,15,200,0,0,0,0,0,0,13,15,14,86.66666666666667,7.176243543624878,8.81,133.77472408288457
9,lora_sim_multi1,4,200,PKdhtXMmr18n2L9K88eMlGn7CcctT9RwKSB1FebW397VI5uG1yhc3uavuaOb9vyJ,250000,64,True,False,4,15,1000,0,0,0,0,0,0,15,15,15,100.0,7.163848161697388,8.1,134.00619029487353
10,lora_sim_multi1,5,200,PKdhtXMmr18n2L9K88eMlGn7CcctT9RwKSB1FebW397VI5uG1yhc3uavuaOb9vyJ,250000,64,True,False,4,15,200,0,0,0,0,0,0,0,15,12,0.0,4.577078342437744,7.77,209.74078400604907
11,lora_sim_multi1,5,200,PKdhtXMmr18n2L9K88eMlGn7CcctT9RwKSB1FebW397VI5uG1yhc3uavuaOb9vyJ,250000,64,True,False,4,15,1000,0,0,0,0,0,0,13,15,15,86.66666666666667,7.222347021102905,12.18,132.92078007259764
12,lora_sim_multi1,6,200,PKdhtXMmr18n2L9K88eMlGn7CcctT9RwKSB1FebW397VI5uG1yhc3uavuaOb9vyJ,250000,64,True,False,4,15,200,0,0,0,0,0,0,11,15,11,73.33333333333333,90.08985733985901,5.21,10.656027530140857
13,lora_sim_multi1,6,200,PKdhtXMmr18n2L9K88eMlGn7CcctT9RwKSB1FebW397VI5uG1yhc3uavuaOb9vyJ,250000,64,True,False,4,15,1000,0,0,0,0,0,0,5,15,5,33.33333333333333,90.09015846252441,3.36,10.65599191280521
14,lora_sim_multi1,7,200,PKdhtXMmr18n2L9K88eMlGn7CcctT9RwKSB1FebW397VI5uG1yhc3uavuaOb9vyJ,250000,64,True,False,4,15,200,0,0,0,0,0,0,8,15,13,53.333333333333336,7.090847730636597,3.17,135.38578692816097
15,lora_sim_multi1,7,200,PKdhtXMmr18n2L9K88eMlGn7CcctT9RwKSB1FebW397VI5uG1yhc3uavuaOb9vyJ,250000,64,True,False,4,15,1000,0,0,0,0,0,0,10,15,14,66.66666666666666,7.205951690673828,8.13,133.22320787169065
16,lora_sim_multi1,8,200,PKdhtXMmr18n2L9K88eMlGn7CcctT9RwKSB1FebW397VI5uG1yhc3uavuaOb9vyJ,250000,64,True,False,4,15,200,0,0,0,0,0,0,12,15,13,80.0,4.500024080276489,8.13,213.3321917559641
17,lora_sim_multi1,8,200,PKdhtXMmr18n2L9K88eMlGn7CcctT9RwKSB1FebW397VI5uG1yhc3uavuaOb9vyJ,250000,64,True,False,4,15,1000,0,0,0,0,0,0,13,15,14,86.66666666666667,7.119619607925415,12.48,134.83866454485118
18,lora_sim_multi1,9,200,PKdhtXMmr18n2L9K88eMlGn7CcctT9RwKSB1FebW397VI5uG1yhc3uavuaOb9vyJ,250000,64,True,False,4,15,200,0,0,0,0,0,0,13,15,14,86.66666666666667,4.512780666351318,11.48,212.72915104384654
19,lora_sim_multi1,9,200,PKdhtXMmr18n2L9K88eMlGn7CcctT9RwKSB1FebW397VI5uG1yhc3uavuaOb9vyJ,250000,64,True,False,4,15,1000,0,0,0,0,0,0,15,15,15,100.0,4.525188446044922,10.56,212.14586120475346
20,lora_sim_multi1,10,200,PKdhtXMmr18n2L9K88eMlGn7CcctT9RwKSB1FebW397VI5uG1yhc3uavuaOb9vyJ,250000,64,True,False,4,15,200,0,0,0,0,0,0,12,15,13,80.0,7.151198625564575,9.71,134.24322973887607
21,lora_sim_multi1,10,200,PKdhtXMmr18n2L9K88eMlGn7CcctT9RwKSB1FebW397VI5uG1yhc3uavuaOb9vyJ,250000,64,True,False,4,15,1000,0,0,0,0,0,0,13,15,14,86.66666666666667,4.556126117706299,9.98,210.70531745580718
22,lora_sim_multi1,11,200,PKdhtXMmr18n2L9K88eMlGn7CcctT9RwKSB1FebW397VI5uG1yhc3uavuaOb9vyJ,250000,64,True,False,4,15,200,0,0,0,0,0,0,15,15,15,100.0,7.119757890701294,9.26,134.83604565455812
23,lora_sim_multi1,11,200,PKdhtXMmr18n2L9K88eMlGn7CcctT9RwKSB1FebW397VI5uG1yhc3uavuaOb9vyJ,250000,64,True,False,4,15,1000,0,0,0,0,0,0,15,15,15,100.0,7.072462320327759,13.49,135.73773270459938
24,lora_sim_multi1,12,200,PKdhtXMmr18n2L9K88eMlGn7CcctT9RwKSB1FebW397VI5uG1yhc3uavuaOb9vyJ,250000,64,True,False,4,15,200,0,0,0,0,0,0,3,15,3,20.0,90.09168696403503,4.72,10.655811122542703
25,lora_sim_multi1,12,200,PKdhtXMmr18n2L9K88eMlGn7CcctT9RwKSB1FebW397VI5uG1yhc3uavuaOb9vyJ,250000,64,True,False,4,15,1000,0,0,0,0,0,0,12,15,13,80.0,7.101589918136597,4.66,135.18099623695207
26,lora_sim_multi1,13,200,PKdhtXMmr18n2L9K88eMlGn7CcctT9RwKSB1FebW397VI5uG1yhc3uavuaOb9vyJ,250000,64,True,False,4,15,200,0,0,0,0,0,0,11,15,13,73.33333333333333,4.523916244506836,4.37,212.2055201984961
27,lora_sim_multi1,13,200,PKdhtXMmr18n2L9K88eMlGn7CcctT9RwKSB1FebW397VI5uG1yhc3uavuaOb9vyJ,250000,64,True,False,4,15,1000,0,0,0,0,0,0,10,15,13,66.66666666666666,4.496606826782227,4.42,213.4943162658
28,lora_sim_multi1,14,200,PKdhtXMmr18n2L9K88eMlGn7CcctT9RwKSB1FebW397VI5uG1yhc3uavuaOb9vyJ,250000,64,True,False,4,15,200,0,0,0,0,0,0,0,15,13,0.0,7.095823287963867,9.26,135.2908550623546
29,lora_sim_multi1,14,200,PKdhtXMmr18n2L9K88eMlGn7CcctT9RwKSB1FebW397VI5uG1yhc3uavuaOb9vyJ,250000,64,True,False,4,15,1000,0,0,0,0,0,0,15,15,15,100.0,7.100729465484619,13.89,135.19737720841061
30,lora_sim_multi1,15,200,PKdhtXMmr18n2L9K88eMlGn7CcctT9RwKSB1FebW397VI5uG1yhc3uavuaOb9vyJ,250000,64,True,False,4,15,200,0,0,0,0,0,0,13,15,14,86.66666666666667,7.17474102973938,13.02,133.80273880559446
31,lora_sim_multi1,15,200,PKdhtXMmr18n2L9K88eMlGn7CcctT9RwKSB1FebW397VI5uG1yhc3uavuaOb9vyJ,250000,64,True,False,4,15,1000,0,0,0,0,0,0,13,15,14,86.66666666666667,7.081807613372803,16.53,135.55861051452476
32,lora_sim_multi1,16,200,PKdhtXMmr18n2L9K88eMlGn7CcctT9RwKSB1FebW397VI5uG1yhc3uavuaOb9vyJ,250000,64,True,False,4,15,200,0,0,0,0,0,0,13,15,14,86.66666666666667,7.1866888999938965,15.28,133.58029175310696
33,lora_sim_multi1,16,200,PKdhtXMmr18n2L9K88eMlGn7CcctT9RwKSB1FebW397VI5uG1yhc3uavuaOb9vyJ,250000,64,True,False,4,15,1000,0,0,0,0,0,0,15,15,15,100.0,4.536811590194702,14.06,211.60235132418197
34,lora_sim_multi1,17,200,PKdhtXMmr18n2L9K88eMlGn7CcctT9RwKSB1FebW397VI5uG1yhc3uavuaOb9vyJ,250000,64,True,False,4,15,200,0,0,0,0,0,0,15,15,15,100.0,7.173117399215698,17.33,133.83302496972453
35,lora_sim_multi1,17,200,PKdhtXMmr18n2L9K88eMlGn7CcctT9RwKSB1FebW397VI5uG1yhc3uavuaOb9vyJ,250000,64,True,False,4,15,1000,0,0,0,0,0,0,13,15,14,86.66666666666667,4.511288642883301,16.18,212.79950719057405
36,lora_sim_multi1,18,200,PKdhtXMmr18n2L9K88eMlGn7CcctT9RwKSB1FebW397VI5uG1yhc3uavuaOb9vyJ,250000,64,True,False,4,15,200,0,0,0,0,0,0,11,15,13,73.33333333333333,4.519609451293945,16.18,212.4077335321874
37,lora_sim_multi1,18,200,PKdhtXMmr18n2L9K88eMlGn7CcctT9RwKSB1FebW397VI5uG1yhc3uavuaOb9vyJ,250000,64,True,False,4,15,1000,0,0,0,0,0,0,13,15,14,86.66666666666667,7.184280157089233,19.29,133.62507850597956
38,lora_sim_multi1,19,200,PKdhtXMmr18n2L9K88eMlGn7CcctT9RwKSB1FebW397VI5uG1yhc3uavuaOb9vyJ,250000,64,True,False,4,15,200,0,0,0,0,0,0,15,15,15,100.0,7.163241147994995,17.75,134.01754599155242
39,lora_sim_multi1,19,200,PKdhtXMmr18n2L9K88eMlGn7CcctT9RwKSB1FebW397VI5uG1yhc3uavuaOb9vyJ,250000,64,True,False,4,15,1000,0,0,0,0,0,0,13,15,14,86.66666666666667,4.536466360092163,16.65,211.61845449692623
40,lora_sim_multi1,20,200,PKdhtXMmr18n2L9K88eMlGn7CcctT9RwKSB1FebW397VI5uG1yhc3uavuaOb9vyJ,250000,64,True,False,4,15,200,0,0,0,0,0,0,15,15,15,100.0,7.149411201477051,19.53,134.2767918848571
41,lora_sim_multi1,20,200,PKdhtXMmr18n2L9K88eMlGn7CcctT9RwKSB1FebW397VI5uG1yhc3uavuaOb9vyJ,250000,64,True,False,4,15,1000,0,0,0,0,0,0,9,15,12,60.0,4.565505027770996,17.97,210.27246584124302
42,lora_sim_multi1,21,200,PKdhtXMmr18n2L9K88eMlGn7CcctT9RwKSB1FebW397VI5uG1yhc3uavuaOb9vyJ,250000,64,True,False,4,15,200,0,0,0,0,0,0,8,15,14,53.333333333333336,7.128615379333496,21.82,134.66850838707433
43,lora_sim_multi1,21,200,PKdhtXMmr18n2L9K88eMlGn7CcctT9RwKSB1FebW397VI5uG1yhc3uavuaOb9vyJ,250000,64,True,False,4,15,1000,0,0,0,0,0,0,4,15,5,26.666666666666668,90.08941197395325,7.85,10.656080209265394
44,lora_sim_multi1,22,200,PKdhtXMmr18n2L9K88eMlGn7CcctT9RwKSB1FebW397VI5uG1yhc3uavuaOb9vyJ,250000,64,True,False,4,15,200,0,0,0,0,0,0,15,15,15,100.0,7.165580749511719,7.22,133.97378852585211
45,lora_sim_multi1,22,200,PKdhtXMmr18n2L9K88eMlGn7CcctT9RwKSB1FebW397VI5uG1yhc3uavuaOb9vyJ,250000,64,True,False,4,15,1000,0,0,0,0,0,0,13,15,14,86.66666666666667,7.086913585662842,11.63,135.46094338473733
46,lora_sim_multi1,23,200,PKdhtXMmr18n2L9K88eMlGn7CcctT9RwKSB1FebW397VI5uG1yhc3uavuaOb9vyJ,250000,64,True,False,4,15,200,0,0,0,0,0,0,10,15,13,66.66666666666666,4.522896766662598,10.86,212.25335211627544
47,lora_sim_multi1,23,200,PKdhtXMmr18n2L9K88eMlGn7CcctT9RwKSB1FebW397VI5uG1yhc3uavuaOb9vyJ,250000,64,True,False,4,15,1000,0,0,0,0,0,0,13,15,14,86.66666666666667,7.0918128490448,10.39,135.36736239864297
48,lora_sim_multi1,24,200,PKdhtXMmr18n2L9K88eMlGn7CcctT9RwKSB1FebW397VI5uG1yhc3uavuaOb9vyJ,250000,64,True,False,4,15,200,0,0,0,0,0,0,0,15,13,0.0,4.528311729431152,9.64,211.99953920146646
49,lora_sim_multi1,24,200,PKdhtXMmr18n2L9K88eMlGn7CcctT9RwKSB1FebW397VI5uG1yhc3uavuaOb9vyJ,250000,64,True,False,4,15,1000,0,0,0,0,0,0,14,15,14,93.33333333333333,7.0989861488342285,15.15,135.2305779829769
50,lora_sim_multi2,0,200,PKdhtXMmr18n2L9K88eMlGn7CcctT9RwKSB1FebW397VI5uG1yhc3uavuaOb9vyJ,250000,64,True,False,4,15,200,0,0,0,0,0,0,19,30,24,63.33333333333333,4.903501987457275,14.09,391.55689238246265
51,lora_sim_multi2,0,200,PKdhtXMmr18n2L9K88eMlGn7CcctT9RwKSB1FebW397VI5uG1yhc3uavuaOb9vyJ,250000,64,True,False,4,15,1000,0,0,0,0,0,0,16,30,26,53.333333333333336,4.8249711990356445,14.09,397.929836427572
52,lora_sim_multi2,1,200,PKdhtXMmr18n2L9K88eMlGn7CcctT9RwKSB1FebW397VI5uG1yhc3uavuaOb9vyJ,250000,64,True,False,4,15,200,0,0,0,0,0,0,21,30,25,70.0,8.199378967285156,18.32,234.1640760429102
53,lora_sim_multi2,1,200,PKdhtXMmr18n2L9K88eMlGn7CcctT9RwKSB1FebW397VI5uG1yhc3uavuaOb9vyJ,250000,64,True,False,4,15,1000,0,0,0,0,0,0,26,30,28,86.66666666666667,8.442227602005005,21.67,227.42812566958102
54,lora_sim_multi2,2,200,PKdhtXMmr18n2L9K88eMlGn7CcctT9RwKSB1FebW397VI5uG1yhc3uavuaOb9vyJ,250000,64,True,False,4,15,200,0,0,0,0,0,0,26,30,27,86.66666666666667,4.831321954727173,20.01,397.40675905926526
55,lora_sim_multi2,2,200,PKdhtXMmr18n2L9K88eMlGn7CcctT9RwKSB1FebW397VI5uG1yhc3uavuaOb9vyJ,250000,64,True,False,4,15,1000,0,0,0,0,0,0,25,30,27,83.33333333333334,8.42982292175293,19.93,227.76279143960332
56,lora_sim_multi2,3,200,PKdhtXMmr18n2L9K88eMlGn7CcctT9RwKSB1FebW397VI5uG1yhc3uavuaOb9vyJ,250000,64,True,False,4,15,200,0,0,0,0,0,0,23,30,25,76.66666666666667,8.346530675888062,23.26,230.035696813121
57,lora_sim_multi2,3,200,PKdhtXMmr18n2L9K88eMlGn7CcctT9RwKSB1FebW397VI5uG1yhc3uavuaOb9vyJ,250000,64,True,False,4,15,1000,0,0,0,0,0,0,11,30,14,36.666666666666664,90.10887408256531,9.46,21.307557324939328
58,lora_sim_multi2,4,200,PKdhtXMmr18n2L9K88eMlGn7CcctT9RwKSB1FebW397VI5uG1yhc3uavuaOb9vyJ,250000,64,True,False,4,15,200,0,0,0,0,0,0,23,30,28,76.66666666666667,8.474102020263672,15.36,226.57267937166742
59,lora_sim_multi2,4,200,PKdhtXMmr18n2L9K88eMlGn7CcctT9RwKSB1FebW397VI5uG1yhc3uavuaOb9vyJ,250000,64,True,False,4,15,1000,0,0,0,0,0,0,19,30,25,63.33333333333333,8.359865188598633,19.87,229.66877535519808
60,lora_sim_multi2,5,200,PKdhtXMmr18n2L9K88eMlGn7CcctT9RwKSB1FebW397VI5uG1yhc3uavuaOb9vyJ,250000,64,True,False,4,15,200,0,0,0,0,0,0,20,30,24,66.66666666666666,4.839402437210083,18.36,396.74319813478473
61,lora_sim_multi2,5,200,PKdhtXMmr18n2L9K88eMlGn7CcctT9RwKSB1FebW397VI5uG1yhc3uavuaOb9vyJ,250000,64,True,False,4,15,1000,0,0,0,0,0,0,26,30,27,86.66666666666667,4.840928792953491,18.36,396.61810411150293
62,lora_sim_multi2,6,200,PKdhtXMmr18n2L9K88eMlGn7CcctT9RwKSB1FebW397VI5uG1yhc3uavuaOb9vyJ,250000,64,True,False,4,15,200,0,0,0,0,0,0,27,30,28,90.0,8.33406949043274,21.78,230.37964852634144
63,lora_sim_multi2,6,200,PKdhtXMmr18n2L9K88eMlGn7CcctT9RwKSB1FebW397VI5uG1yhc3uavuaOb9vyJ,250000,64,True,False,4,15,1000,0,0,0,0,0,0,22,30,24,73.33333333333333,8.358976125717163,24.82,229.69320298606218
64,lora_sim_multi2,7,200,PKdhtXMmr18n2L9K88eMlGn7CcctT9RwKSB1FebW397VI5uG1yhc3uavuaOb9vyJ,250000,64,True,False,4,15,200,0,0,0,0,0,0,20,30,28,66.66666666666666,4.846408367156982,23.32,396.16966927744005
65,lora_sim_multi2,7,200,PKdhtXMmr18n2L9K88eMlGn7CcctT9RwKSB1FebW397VI5uG1yhc3uavuaOb9vyJ,250000,64,True,False,4,15,1000,0,0,0,0,0,0,27,30,28,90.0,4.859510898590088,21.45,395.10149067822
66,lora_sim_multi2,8,200,PKdhtXMmr18n2L9K88eMlGn7CcctT9RwKSB1FebW397VI5uG1yhc3uavuaOb9vyJ,250000,64,True,False,4,15,200,0,0,0,0,0,0,6,30,7,20.0,90.10311031341553,7.35,21.308920339391765
67,lora_sim_multi2,8,200,PKdhtXMmr18n2L9K88eMlGn7CcctT9RwKSB1FebW397VI5uG1yhc3uavuaOb9vyJ,250000,64,True,False,4,15,1000,0,0,0,0,0,0,16,30,26,53.333333333333336,8.414490461349487,6.76,228.17780931824564
68,lora_sim_multi2,9,200,PKdhtXMmr18n2L9K88eMlGn7CcctT9RwKSB1FebW397VI5uG1yhc3uavuaOb9vyJ,250000,64,True,False,4,15,200,0,0,0,0,0,0,26,30,27,86.66666666666667,8.41585373878479,11.96,228.1408469768914
69,lora_sim_multi2,9,200,PKdhtXMmr18n2L9K88eMlGn7CcctT9RwKSB1FebW397VI5uG1yhc3uavuaOb9vyJ,250000,64,True,False,4,15,1000,0,0,0,0,0,0,22,30,26,73.33333333333333,8.297844171524048,17.62,231.3854008718216
70,lora_sim_multi2,10,200,PKdhtXMmr18n2L9K88eMlGn7CcctT9RwKSB1FebW397VI5uG1yhc3uavuaOb9vyJ,250000,64,True,False,4,15,200,0,0,0,0,0,0,28,30,28,93.33333333333333,4.837033748626709,16.2,396.9374827176078
71,lora_sim_multi2,10,200,PKdhtXMmr18n2L9K88eMlGn7CcctT9RwKSB1FebW397VI5uG1yhc3uavuaOb9vyJ,250000,64,True,False,4,15,1000,0,0,0,0,0,0,23,30,25,76.66666666666667,8.431365251541138,14.99,227.72112732858423
72,lora_sim_multi2,11,200,PKdhtXMmr18n2L9K88eMlGn7CcctT9RwKSB1FebW397VI5uG1yhc3uavuaOb9vyJ,250000,64,True,False,4,15,200,0,0,0,0,0,0,20,30,24,66.66666666666666,8.456121921539307,19.07,227.05443675184068
73,lora_sim_multi2,11,200,PKdhtXMmr18n2L9K88eMlGn7CcctT9RwKSB1FebW397VI5uG1yhc3uavuaOb9vyJ,250000,64,True,False,4,15,1000,0,0,0,0,0,0,6,30,12,20.0,90.10548782348633,7.05,21.308358085372298
74,lora_sim_multi2,12,200,PKdhtXMmr18n2L9K88eMlGn7CcctT9RwKSB1FebW397VI5uG1yhc3uavuaOb9vyJ,250000,64,True,False,4,15,200,0,0,0,0,0,0,23,30,25,76.66666666666667,8.240394115447998,13.0,232.99856452261653
75,lora_sim_multi2,12,200,PKdhtXMmr18n2L9K88eMlGn7CcctT9RwKSB1FebW397VI5uG1yhc3uavuaOb9vyJ,250000,64,True,False,4,15,1000,0,0,0,0,0,0,28,30,29,93.33333333333333,8.482688665390015,17.97,226.34333001442565
76,lora_sim_multi2,13,200,PKdhtXMmr18n2L9K88eMlGn7CcctT9RwKSB1FebW397VI5uG1yhc3uavuaOb9vyJ,250000,64,True,False,4,15,200,0,0,0,0,0,0,28,30,29,93.33333333333333,4.864765167236328,16.61,394.6747548948496
77,lora_sim_multi2,13,200,PKdhtXMmr18n2L9K88eMlGn7CcctT9RwKSB1FebW397VI5uG1yhc3uavuaOb9vyJ,250000,64,True,False,4,15,1000,0,0,0,0,0,0,26,30,28,86.66666666666667,8.580110788345337,21.69,223.77333432663863
78,lora_sim_multi2,14,200,PKdhtXMmr18n2L9K88eMlGn7CcctT9RwKSB1FebW397VI5uG1yhc3uavuaOb9vyJ,250000,64,True,False,4,15,200,0,0,0,0,0,0,1,30,1,3.3333333333333335,90.10732078552246,7.99,21.307924631008298
79,lora_sim_multi2,14,200,PKdhtXMmr18n2L9K88eMlGn7CcctT9RwKSB1FebW397VI5uG1yhc3uavuaOb9vyJ,250000,64,True,False,4,15,1000,0,0,0,0,0,0,16,30,23,53.333333333333336,8.477790117263794,13.15,226.47411335298307
80,lora_sim_multi2,15,200,PKdhtXMmr18n2L9K88eMlGn7CcctT9RwKSB1FebW397VI5uG1yhc3uavuaOb9vyJ,250000,64,True,False,4,15,200,0,0,0,0,0,0,18,30,22,60.0,8.63906979560852,17.3,222.24614980839598
81,lora_sim_multi2,15,200,PKdhtXMmr18n2L9K88eMlGn7CcctT9RwKSB1FebW397VI5uG1yhc3uavuaOb9vyJ,250000,64,True,False,4,15,1000,0,0,0,0,0,0,20,30,22,66.66666666666666,8.659063339233398,15.91,221.73298944478918
82,lora_sim_multi2,16,200,PKdhtXMmr18n2L9K88eMlGn7CcctT9RwKSB1FebW397VI5uG1yhc3uavuaOb9vyJ,250000,64,True,False,4,15,200,0,0,0,0,0,0,7,30,7,23.333333333333332,90.10344886779785,7.12,21.30884027332932
83,lora_sim_multi2,16,200,PKdhtXMmr18n2L9K88eMlGn7CcctT9RwKSB1FebW397VI5uG1yhc3uavuaOb9vyJ,250000,64,True,False,4,15,1000,0,0,0,0,0,0,13,30,19,43.333333333333336,8.53129267692566,12.42,225.05381924042632
84,lora_sim_multi2,17,200,PKdhtXMmr18n2L9K88eMlGn7CcctT9RwKSB1FebW397VI5uG1yhc3uavuaOb9vyJ,250000,64,True,False,4,15,200,0,0,0,0,0,0,2,30,4,6.666666666666667,90.10136127471924,5.5,21.309333986041743
85,lora_sim_multi2,17,200,PKdhtXMmr18n2L9K88eMlGn7CcctT9RwKSB1FebW397VI5uG1yhc3uavuaOb9vyJ,250000,64,True,False,4,15,1000,0,0,0,0,0,0,25,30,26,83.33333333333334,8.727603435516357,12.0,219.9916637122509
86,lora_sim_multi2,18,200,PKdhtXMmr18n2L9K88eMlGn7CcctT9RwKSB1FebW397VI5uG1yhc3uavuaOb9vyJ,250000,64,True,False,4,15,200,0,0,0,0,0,0,16,30,22,53.333333333333336,8.50732707977295,16.4,225.68780793264654
87,lora_sim_multi2,18,200,PKdhtXMmr18n2L9K88eMlGn7CcctT9RwKSB1FebW397VI5uG1yhc3uavuaOb9vyJ,250000,64,True,False,4,15,1000,0,0,0,0,0,0,22,30,24,73.33333333333333,8.407310009002686,15.08,228.37268971217102
88,lora_sim_multi2,19,200,PKdhtXMmr18n2L9K88eMlGn7CcctT9RwKSB1FebW397VI5uG1yhc3uavuaOb9vyJ,250000,64,True,False,4,15,200,0,0,0,0,0,0,22,30,26,73.33333333333333,4.929181337356567,14.68,389.5170148131864
89,lora_sim_multi2,19,200,PKdhtXMmr18n2L9K88eMlGn7CcctT9RwKSB1FebW397VI5uG1yhc3uavuaOb9vyJ,250000,64,True,False,4,15,1000,0,0,0,0,0,0,17,30,25,56.666666666666664,8.656041383743286,19.42,221.81039979844692
90,lora_sim_multi2,20,200,PKdhtXMmr18n2L9K88eMlGn7CcctT9RwKSB1FebW397VI5uG1yhc3uavuaOb9vyJ,250000,64,True,False,4,15,200,0,0,0,0,0,0,18,30,23,60.0,4.881734848022461,18.1,393.3028031577282
91,lora_sim_multi2,20,200,PKdhtXMmr18n2L9K88eMlGn7CcctT9RwKSB1FebW397VI5uG1yhc3uavuaOb9vyJ,250000,64,True,False,4,15,1000,0,0,0,0,0,0,23,30,26,76.66666666666667,5.125277280807495,16.81,374.6138783924489
92,lora_sim_multi2,21,200,PKdhtXMmr18n2L9K88eMlGn7CcctT9RwKSB1FebW397VI5uG1yhc3uavuaOb9vyJ,250000,64,True,False,4,15,200,0,0,0,0,0,0,17,30,22,56.666666666666664,8.385352611541748,20.9,228.97069317720496
93,lora_sim_multi2,21,200,PKdhtXMmr18n2L9K88eMlGn7CcctT9RwKSB1FebW397VI5uG1yhc3uavuaOb9vyJ,250000,64,True,False,4,15,1000,0,0,0,0,0,0,24,30,25,80.0,8.461448431015015,19.31,226.91150524091555
94,lora_sim_multi2,22,200,PKdhtXMmr18n2L9K88eMlGn7CcctT9RwKSB1FebW397VI5uG1yhc3uavuaOb9vyJ,250000,64,True,False,4,15,200,0,0,0,0,0,0,16,30,21,53.333333333333336,8.313475370407104,22.58,230.9503444052399
95,lora_sim_multi2,22,200,PKdhtXMmr18n2L9K88eMlGn7CcctT9RwKSB1FebW397VI5uG1yhc3uavuaOb9vyJ,250000,64,True,False,4,15,1000,0,0,0,0,0,0,4,30,8,13.333333333333334,90.1110246181488,7.67,21.307048811575743
96,lora_sim_multi2,23,200,PKdhtXMmr18n2L9K88eMlGn7CcctT9RwKSB1FebW397VI5uG1yhc3uavuaOb9vyJ,250000,64,True,False,4,15,200,0,0,0,0,0,0,22,30,25,73.33333333333333,8.625818014144897,12.95,222.58758495153984
97,lora_sim_multi2,23,200,PKdhtXMmr18n2L9K88eMlGn7CcctT9RwKSB1FebW397VI5uG1yhc3uavuaOb9vyJ,250000,64,True,False,4,15,1000,0,0,0,0,0,0,22,30,23,73.33333333333333,4.915355443954468,12.16,390.61264681508663
98,lora_sim_multi2,24,200,PKdhtXMmr18n2L9K88eMlGn7CcctT9RwKSB1FebW397VI5uG1yhc3uavuaOb9vyJ,250000,64,True,False,4,15,200,0,0,0,0,0,0,18,30,20,60.0,4.84958291053772,11.18,395.91033608849284
99,lora_sim_multi2,24,200,PKdhtXMmr18n2L9K88eMlGn7CcctT9RwKSB1FebW397VI5uG1yhc3uavuaOb9vyJ,250000,64,True,False,4,15,1000,0,0,0,0,0,0,18,30,22,60.0,8.767638921737671,9.86,218.9871203796646
100,lora_sim_multi3,0,200,PKdhtXMmr18n2L9K88eMlGn7CcctT9RwKSB1FebW397VI5uG1yhc3uavuaOb9vyJ,250000,64,True,False,4,15,200,0,0,0,0,0,0,32,45,36,71.11111111111111,5.674637317657471,9.71,507.52142186046945
101,lora_sim_multi3,0,200,PKdhtXMmr18n2L9K88eMlGn7CcctT9RwKSB1FebW397VI5uG1yhc3uavuaOb9vyJ,250000,64,True,False,4,15,1000,0,0,0,0,0,0,30,45,32,66.66666666666666,10.091225624084473,15.02,285.3964530459389
102,lora_sim_multi3,1,200,PKdhtXMmr18n2L9K88eMlGn7CcctT9RwKSB1FebW397VI5uG1yhc3uavuaOb9vyJ,250000,64,True,False,4,15,200,0,0,0,0,0,0,30,45,32,66.66666666666666,10.365177392959595,19.67,277.853421202053
103,lora_sim_multi3,1,200,PKdhtXMmr18n2L9K88eMlGn7CcctT9RwKSB1FebW397VI5uG1yhc3uavuaOb9vyJ,250000,64,True,False,4,15,1000,0,0,0,0,0,0,30,45,34,66.66666666666666,10.492504596710205,23.52,274.4816524457839
104,lora_sim_multi3,2,200,PKdhtXMmr18n2L9K88eMlGn7CcctT9RwKSB1FebW397VI5uG1yhc3uavuaOb9vyJ,250000,64,True,False,4,15,200,0,0,0,0,0,0,30,45,33,66.66666666666666,10.137648820877075,26.93,284.08954096624865
105,lora_sim_multi3,2,200,PKdhtXMmr18n2L9K88eMlGn7CcctT9RwKSB1FebW397VI5uG1yhc3uavuaOb9vyJ,250000,64,True,False,4,15,1000,0,0,0,0,0,0,31,45,37,68.88888888888889,10.134581089019775,29.9,284.17553470664035
106,lora_sim_multi3,3,200,PKdhtXMmr18n2L9K88eMlGn7CcctT9RwKSB1FebW397VI5uG1yhc3uavuaOb9vyJ,250000,64,True,False,4,15,200,0,0,0,0,0,0,30,45,35,66.66666666666666,10.33793020248413,32.27,278.5857462365103
107,lora_sim_multi3,3,200,PKdhtXMmr18n2L9K88eMlGn7CcctT9RwKSB1FebW397VI5uG1yhc3uavuaOb9vyJ,250000,64,True,False,4,15,1000,0,0,0,0,0,0,30,45,31,66.66666666666666,9.868494272232056,35.39,291.8378346840345
108,lora_sim_multi3,4,200,PKdhtXMmr18n2L9K88eMlGn7CcctT9RwKSB1FebW397VI5uG1yhc3uavuaOb9vyJ,250000,64,True,False,4,15,200,0,0,0,0,0,0,26,45,33,57.77777777777777,5.730895280838013,32.63,502.5392820611557
109,lora_sim_multi3,4,200,PKdhtXMmr18n2L9K88eMlGn7CcctT9RwKSB1FebW397VI5uG1yhc3uavuaOb9vyJ,250000,64,True,False,4,15,1000,0,0,0,0,0,0,0,45,1,0.0,90.1082272529602,10.78,31.961565417495073
110,lora_sim_multi3,5,200,PKdhtXMmr18n2L9K88eMlGn7CcctT9RwKSB1FebW397VI5uG1yhc3uavuaOb9vyJ,250000,64,True,False,4,15,200,0,0,0,0,0,0,34,45,35,75.55555555555556,5.856186389923096,10.64,491.78762563905013
111,lora_sim_multi3,5,200,PKdhtXMmr18n2L9K88eMlGn7CcctT9RwKSB1FebW397VI5uG1yhc3uavuaOb9vyJ,250000,64,True,False,4,15,1000,0,0,0,0,0,0,22,45,23,48.888888888888886,90.1078736782074,5.73,31.961690831647363
112,lora_sim_multi3,6,200,PKdhtXMmr18n2L9K88eMlGn7CcctT9RwKSB1FebW397VI5uG1yhc3uavuaOb9vyJ,250000,64,True,False,4,15,200,0,0,0,0,0,0,28,45,31,62.22222222222222,9.891269445419312,12.4,291.16586257123345
113,lora_sim_multi3,6,200,PKdhtXMmr18n2L9K88eMlGn7CcctT9RwKSB1FebW397VI5uG1yhc3uavuaOb9vyJ,250000,64,True,False,4,15,1000,0,0,0,0,0,0,29,45,36,64.44444444444444,9.87794280052185,18.04,291.5586836408741
114,lora_sim_multi3,7,200,PKdhtXMmr18n2L9K88eMlGn7CcctT9RwKSB1FebW397VI5uG1yhc3uavuaOb9vyJ,250000,64,True,False,4,15,200,0,0,0,0,0,0,34,45,36,75.55555555555556,10.633597373962402,22.38,270.83966965422394
115,lora_sim_multi3,7,200,PKdhtXMmr18n2L9K88eMlGn7CcctT9RwKSB1FebW397VI5uG1yhc3uavuaOb9vyJ,250000,64,True,False,4,15,1000,0,0,0,0,0,0,34,45,37,75.55555555555556,9.75000786781311,25.97,295.38437702265907
116,lora_sim_multi3,8,200,PKdhtXMmr18n2L9K88eMlGn7CcctT9RwKSB1FebW397VI5uG1yhc3uavuaOb9vyJ,250000,64,True,False,4,15,200,0,0,0,0,0,0,25,45,30,55.55555555555556,9.577461957931519,29.66,300.70597123227884
117,lora_sim_multi3,8,200,PKdhtXMmr18n2L9K88eMlGn7CcctT9RwKSB1FebW397VI5uG1yhc3uavuaOb9vyJ,250000,64,True,False,4,15,1000,0,0,0,0,0,0,9,45,13,20.0,90.11109066009521,9.26,31.96054979362689
118,lora_sim_multi3,9,200,PKdhtXMmr18n2L9K88eMlGn7CcctT9RwKSB1FebW397VI5uG1yhc3uavuaOb9vyJ,250000,64,True,False,4,15,200,0,0,0,0,0,0,34,45,34,75.55555555555556,9.572084188461304,14.95,300.87491326828325
119,lora_sim_multi3,9,200,PKdhtXMmr18n2L9K88eMlGn7CcctT9RwKSB1FebW397VI5uG1yhc3uavuaOb9vyJ,250000,64,True,False,4,15,1000,0,0,0,0,0,0,30,45,33,66.66666666666666,5.216601371765137,13.83,552.0835875227125
120,lora_sim_multi3,10,200,PKdhtXMmr18n2L9K88eMlGn7CcctT9RwKSB1FebW397VI5uG1yhc3uavuaOb9vyJ,250000,64,True,False,4,15,200,0,0,0,0,0,0,32,45,37,71.11111111111111,9.790043354034424,19.34,294.17642964912585
121,lora_sim_multi3,10,200,PKdhtXMmr18n2L9K88eMlGn7CcctT9RwKSB1FebW397VI5uG1yhc3uavuaOb9vyJ,250000,64,True,False,4,15,1000,0,0,0,0,0,0,34,45,37,75.55555555555556,9.558005332946777,23.99,301.31809929761596
122,lora_sim_multi3,11,200,PKdhtXMmr18n2L9K88eMlGn7CcctT9RwKSB1FebW397VI5uG1yhc3uavuaOb9vyJ,250000,64,True,False,4,15,200,0,0,0,0,0,0,20,45,36,44.44444444444444,9.76855731010437,28.82,294.8234737816396
123,lora_sim_multi3,11,200,PKdhtXMmr18n2L9K88eMlGn7CcctT9RwKSB1FebW397VI5uG1yhc3uavuaOb9vyJ,250000,64,True,False,4,15,1000,0,0,0,0,0,0,33,45,40,73.33333333333333,5.521697282791138,26.67,521.5787560422367
124,lora_sim_multi3,12,200,PKdhtXMmr18n2L9K88eMlGn7CcctT9RwKSB1FebW397VI5uG1yhc3uavuaOb9vyJ,250000,64,True,False,4,15,200,0,0,0,0,0,0,29,45,35,64.44444444444444,9.693455696105957,30.05,297.10766627395327
125,lora_sim_multi3,12,200,PKdhtXMmr18n2L9K88eMlGn7CcctT9RwKSB1FebW397VI5uG1yhc3uavuaOb9vyJ,250000,64,True,False,4,15,1000,0,0,0,0,0,0,33,45,37,73.33333333333333,9.506683349609375,33.21,302.94476991477137
126,lora_sim_multi3,13,200,PKdhtXMmr18n2L9K88eMlGn7CcctT9RwKSB1FebW397VI5uG1yhc3uavuaOb9vyJ,250000,64,True,False,4,15,200,0,0,0,0,0,0,33,45,35,73.33333333333333,9.678308010101318,34.99,297.5726745825948
127,lora_sim_multi3,13,200,PKdhtXMmr18n2L9K88eMlGn7CcctT9RwKSB1FebW397VI5uG1yhc3uavuaOb9vyJ,250000,64,True,False,4,15,1000,0,0,0,0,0,0,1,45,1,2.2222222222222223,90.11194086074829,10.59,31.960248247793476
128,lora_sim_multi3,14,200,PKdhtXMmr18n2L9K88eMlGn7CcctT9RwKSB1FebW397VI5uG1yhc3uavuaOb9vyJ,250000,64,True,False,4,15,200,0,0,0,0,0,0,23,45,30,51.11111111111111,9.715661525726318,15.92,296.4286057489738
129,lora_sim_multi3,14,200,PKdhtXMmr18n2L9K88eMlGn7CcctT9RwKSB1FebW397VI5uG1yhc3uavuaOb9vyJ,250000,64,True,False,4,15,1000,0,0,0,0,0,0,30,45,34,66.66666666666666,9.39602780342102,20.35,306.5125029697565
130,lora_sim_multi3,15,200,PKdhtXMmr18n2L9K88eMlGn7CcctT9RwKSB1FebW397VI5uG1yhc3uavuaOb9vyJ,250000,64,True,False,4,15,200,0,0,0,0,0,0,29,45,35,64.44444444444444,9.798933982849121,24.25,293.9095216929522
131,lora_sim_multi3,15,200,PKdhtXMmr18n2L9K88eMlGn7CcctT9RwKSB1FebW397VI5uG1yhc3uavuaOb9vyJ,250000,64,True,False,4,15,1000,0,0,0,0,0,0,28,45,31,62.22222222222222,9.554876565933228,27.4,301.41676662452096
132,lora_sim_multi3,16,200,PKdhtXMmr18n2L9K88eMlGn7CcctT9RwKSB1FebW397VI5uG1yhc3uavuaOb9vyJ,250000,64,True,False,4,15,200,0,0,0,0,0,0,33,45,35,73.33333333333333,9.841083288192749,30.0,292.6507088356218
133,lora_sim_multi3,16,200,PKdhtXMmr18n2L9K88eMlGn7CcctT9RwKSB1FebW397VI5uG1yhc3uavuaOb9vyJ,250000,64,True,False,4,15,1000,0,0,0,0,0,0,28,45,35,62.22222222222222,9.734888315200806,32.19,295.84314752773753
134,lora_sim_multi3,17,200,PKdhtXMmr18n2L9K88eMlGn7CcctT9RwKSB1FebW397VI5uG1yhc3uavuaOb9vyJ,250000,64,True,False,4,15,200,0,0,0,0,0,0,22,45,35,48.888888888888886,5.437582492828369,29.61,529.6471370868275
135,lora_sim_multi3,17,200,PKdhtXMmr18n2L9K88eMlGn7CcctT9RwKSB1FebW397VI5uG1yhc3uavuaOb9vyJ,250000,64,True,False,4,15,1000,0,0,0,0,0,0,28,45,32,62.22222222222222,5.313130855560303,27.32,542.0532786212144
136,lora_sim_multi3,18,200,PKdhtXMmr18n2L9K88eMlGn7CcctT9RwKSB1FebW397VI5uG1yhc3uavuaOb9vyJ,250000,64,True,False,4,15,200,0,0,0,0,0,0,25,45,33,55.55555555555556,5.34112548828125,26.09,539.2121953170531
137,lora_sim_multi3,18,200,PKdhtXMmr18n2L9K88eMlGn7CcctT9RwKSB1FebW397VI5uG1yhc3uavuaOb9vyJ,250000,64,True,False,4,15,1000,0,0,0,0,0,0,33,45,36,73.33333333333333,9.640096187591553,28.96,298.7522057826613
138,lora_sim_multi3,19,200,PKdhtXMmr18n2L9K88eMlGn7CcctT9RwKSB1FebW397VI5uG1yhc3uavuaOb9vyJ,250000,64,True,False,4,15,200,0,0,0,0,0,0,32,45,36,71.11111111111111,9.596070528030396,31.39,300.1228462824901
139,lora_sim_multi3,19,200,PKdhtXMmr18n2L9K88eMlGn7CcctT9RwKSB1FebW397VI5uG1yhc3uavuaOb9vyJ,250000,64,True,False,4,15,1000,0,0,0,0,0,0,25,45,30,55.55555555555556,9.467831134796143,34.4,304.1879348075224
140,lora_sim_multi3,20,200,PKdhtXMmr18n2L9K88eMlGn7CcctT9RwKSB1FebW397VI5uG1yhc3uavuaOb9vyJ,250000,64,True,False,4,15,200,0,0,0,0,0,0,33,45,36,73.33333333333333,9.815645694732666,36.96,293.40912351242304
141,lora_sim_multi3,20,200,PKdhtXMmr18n2L9K88eMlGn7CcctT9RwKSB1FebW397VI5uG1yhc3uavuaOb9vyJ,250000,64,True,False,4,15,1000,0,0,0,0,0,0,34,45,36,75.55555555555556,5.36410117149353,34.48,536.9026250483862
142,lora_sim_multi3,21,200,PKdhtXMmr18n2L9K88eMlGn7CcctT9RwKSB1FebW397VI5uG1yhc3uavuaOb9vyJ,250000,64,True,False,4,15,200,0,0,0,0,0,0,26,45,35,57.77777777777777,9.903679847717285,36.06,290.8009996570937
143,lora_sim_multi3,21,200,PKdhtXMmr18n2L9K88eMlGn7CcctT9RwKSB1FebW397VI5uG1yhc3uavuaOb9vyJ,250000,64,True,False,4,15,1000,0,0,0,0,0,0,28,45,31,62.22222222222222,9.513146877288818,30.75,302.7389398218542
144,lora_sim_multi3,22,200,PKdhtXMmr18n2L9K88eMlGn7CcctT9RwKSB1FebW397VI5uG1yhc3uavuaOb9vyJ,250000,64,True,False,4,15,200,0,0,0,0,0,0,32,45,35,71.11111111111111,5.263232231140137,28.37,547.1922715019789
145,lora_sim_multi3,22,200,PKdhtXMmr18n2L9K88eMlGn7CcctT9RwKSB1FebW397VI5uG1yhc3uavuaOb9vyJ,250000,64,True,False,4,15,1000,0,0,0,0,0,0,29,45,33,64.44444444444444,9.503053665161133,26.9,303.060479449704
146,lora_sim_multi3,23,200,PKdhtXMmr18n2L9K88eMlGn7CcctT9RwKSB1FebW397VI5uG1yhc3uavuaOb9vyJ,250000,64,True,False,4,15,200,0,0,0,0,0,0,30,45,35,66.66666666666666,5.519422292709351,22.99,521.79373986372
147,lora_sim_multi3,23,200,PKdhtXMmr18n2L9K88eMlGn7CcctT9RwKSB1FebW397VI5uG1yhc3uavuaOb9vyJ,250000,64,True,False,4,15,1000,0,0,0,0,0,0,10,45,17,22.22222222222222,90.10755228996277,7.68,31.961804829991017
148,lora_sim_multi3,24,200,PKdhtXMmr18n2L9K88eMlGn7CcctT9RwKSB1FebW397VI5uG1yhc3uavuaOb9vyJ,250000,64,True,False,4,15,200,0,0,0,0,0,0,23,45,33,51.11111111111111,9.752025604248047,13.54,295.32326071267215
149,lora_sim_multi3,24,200,PKdhtXMmr18n2L9K88eMlGn7CcctT9RwKSB1FebW397VI5uG1yhc3uavuaOb9vyJ,250000,64,True,False,4,15,1000,0,0,0,0,0,0,33,45,35,73.33333333333333,9.469923257827759,12.93,304.1207327228778
150,lora_sim_multi4,0,200,PKdhtXMmr18n2L9K88eMlGn7CcctT9RwKSB1FebW397VI5uG1yhc3uavuaOb9vyJ,250000,64,True,False,4,15,200,0,0,0,0,0,0,32,60,40,53.333333333333336,12.934633016586304,18.11,296.8773829977164
151,lora_sim_multi4,0,200,PKdhtXMmr18n2L9K88eMlGn7CcctT9RwKSB1FebW397VI5uG1yhc3uavuaOb9vyJ,250000,64,True,False,4,15,1000,0,0,0,0,0,0,31,60,43,51.66666666666667,12.952080011367798,21.84,296.4774767164582
152,lora_sim_multi4,1,200,PKdhtXMmr18n2L9K88eMlGn7CcctT9RwKSB1FebW397VI5uG1yhc3uavuaOb9vyJ,250000,64,True,False,4,15,200,0,0,0,0,0,0,39,60,47,65.0,12.911155939102173,26.09,297.41721175950954
153,lora_sim_multi4,1,200,PKdhtXMmr18n2L9K88eMlGn7CcctT9RwKSB1FebW397VI5uG1yhc3uavuaOb9vyJ,250000,64,True,False,4,15,1000,0,0,0,0,0,0,30,60,40,50.0,13.101741313934326,28.13,293.09081197596055
154,lora_sim_multi4,2,200,PKdhtXMmr18n2L9K88eMlGn7CcctT9RwKSB1FebW397VI5uG1yhc3uavuaOb9vyJ,250000,64,True,False,4,15,200,0,0,0,0,0,0,10,60,12,16.666666666666664,90.12914800643921,9.75,42.60552867675676
155,lora_sim_multi4,2,200,PKdhtXMmr18n2L9K88eMlGn7CcctT9RwKSB1FebW397VI5uG1yhc3uavuaOb9vyJ,250000,64,True,False,4,15,1000,0,0,0,0,0,0,31,60,41,51.66666666666667,12.793378353118896,8.71,300.1552751751336
156,lora_sim_multi4,3,200,PKdhtXMmr18n2L9K88eMlGn7CcctT9RwKSB1FebW397VI5uG1yhc3uavuaOb9vyJ,250000,64,True,False,4,15,200,0,0,0,0,0,0,13,60,21,21.666666666666668,90.12627243995667,5.8,42.606888047636275
157,lora_sim_multi4,3,200,PKdhtXMmr18n2L9K88eMlGn7CcctT9RwKSB1FebW397VI5uG1yhc3uavuaOb9vyJ,250000,64,True,False,4,15,1000,0,0,0,0,0,0,34,60,46,56.666666666666664,12.507444858551025,12.56,307.0171440631768
158,lora_sim_multi4,4,200,PKdhtXMmr18n2L9K88eMlGn7CcctT9RwKSB1FebW397VI5uG1yhc3uavuaOb9vyJ,250000,64,True,False,4,15,200,0,0,0,0,0,0,32,60,44,53.333333333333336,8.739034175872803,11.43,439.4078250204902
159,lora_sim_multi4,4,200,PKdhtXMmr18n2L9K88eMlGn7CcctT9RwKSB1FebW397VI5uG1yhc3uavuaOb9vyJ,250000,64,True,False,4,15,1000,0,0,0,0,0,0,37,60,44,61.66666666666667,12.802625179290771,17.28,299.93848497661986
160,lora_sim_multi4,5,200,PKdhtXMmr18n2L9K88eMlGn7CcctT9RwKSB1FebW397VI5uG1yhc3uavuaOb9vyJ,250000,64,True,False,4,15,200,0,0,0,0,0,0,32,60,43,53.333333333333336,8.646628618240356,14.85,444.1037275383136
161,lora_sim_multi4,5,200,PKdhtXMmr18n2L9K88eMlGn7CcctT9RwKSB1FebW397VI5uG1yhc3uavuaOb9vyJ,250000,64,True,False,4,15,1000,0,0,0,0,0,0,33,60,48,55.00000000000001,12.83516526222229,20.46,299.17807223739163
162,lora_sim_multi4,6,200,PKdhtXMmr18n2L9K88eMlGn7CcctT9RwKSB1FebW397VI5uG1yhc3uavuaOb9vyJ,250000,64,True,False,4,15,200,0,0,0,0,0,0,31,60,48,51.66666666666667,12.766600131988525,26.68,300.7848573856665
163,lora_sim_multi4,6,200,PKdhtXMmr18n2L9K88eMlGn7CcctT9RwKSB1FebW397VI5uG1yhc3uavuaOb9vyJ,250000,64,True,False,4,15,1000,0,0,0,0,0,0,32,60,48,53.333333333333336,12.761178016662598,28.52,300.9126582973777
164,lora_sim_multi4,7,200,PKdhtXMmr18n2L9K88eMlGn7CcctT9RwKSB1FebW397VI5uG1yhc3uavuaOb9vyJ,250000,64,True,False,4,15,200,0,0,0,0,0,0,29,60,42,48.333333333333336,12.66666865348816,31.89,303.1578471852216
165,lora_sim_multi4,7,200,PKdhtXMmr18n2L9K88eMlGn7CcctT9RwKSB1FebW397VI5uG1yhc3uavuaOb9vyJ,250000,64,True,False,4,15,1000,0,0,0,0,0,0,24,60,46,40.0,12.715189933776855,32.87,302.0009940865575
166,lora_sim_multi4,8,200,PKdhtXMmr18n2L9K88eMlGn7CcctT9RwKSB1FebW397VI5uG1yhc3uavuaOb9vyJ,250000,64,True,False,4,15,200,0,0,0,0,0,0,33,60,43,55.00000000000001,8.561211585998535,30.32,448.53464505890054
167,lora_sim_multi4,8,200,PKdhtXMmr18n2L9K88eMlGn7CcctT9RwKSB1FebW397VI5uG1yhc3uavuaOb9vyJ,250000,64,True,False,4,15,1000,0,0,0,0,0,0,39,60,47,65.0,12.76984190940857,31.5,300.70849954459993
168,lora_sim_multi4,9,200,PKdhtXMmr18n2L9K88eMlGn7CcctT9RwKSB1FebW397VI5uG1yhc3uavuaOb9vyJ,250000,64,True,False,4,15,200,0,0,0,0,0,0,36,60,46,60.0,8.669575214385986,27.77,442.92827561240136
169,lora_sim_multi4,9,200,PKdhtXMmr18n2L9K88eMlGn7CcctT9RwKSB1FebW397VI5uG1yhc3uavuaOb9vyJ,250000,64,True,False,4,15,1000,0,0,0,0,0,0,4,60,5,6.666666666666667,90.12035965919495,8.92,42.60968347797984
170,lora_sim_multi4,10,200,PKdhtXMmr18n2L9K88eMlGn7CcctT9RwKSB1FebW397VI5uG1yhc3uavuaOb9vyJ,250000,64,True,False,4,15,200,0,0,0,0,0,0,25,60,44,41.66666666666667,8.651708602905273,8.45,443.84296515840987
171,lora_sim_multi4,10,200,PKdhtXMmr18n2L9K88eMlGn7CcctT9RwKSB1FebW397VI5uG1yhc3uavuaOb9vyJ,250000,64,True,False,4,15,1000,0,0,0,0,0,0,31,60,48,51.66666666666667,12.812735080718994,14.46,299.7018182151095
172,lora_sim_multi4,11,200,PKdhtXMmr18n2L9K88eMlGn7CcctT9RwKSB1FebW397VI5uG1yhc3uavuaOb9vyJ,250000,64,True,False,4,15,200,0,0,0,0,0,0,0,60,2,0.0,90.11809015274048,6.4,42.610756547232775
173,lora_sim_multi4,11,200,PKdhtXMmr18n2L9K88eMlGn7CcctT9RwKSB1FebW397VI5uG1yhc3uavuaOb9vyJ,250000,64,True,False,4,15,1000,0,0,0,0,0,0,37,60,46,61.66666666666667,8.70421838760376,5.57,441.1654015332143
174,lora_sim_multi4,12,200,PKdhtXMmr18n2L9K88eMlGn7CcctT9RwKSB1FebW397VI5uG1yhc3uavuaOb9vyJ,250000,64,True,False,4,15,200,0,0,0,0,0,0,26,60,37,43.333333333333336,12.688962459564209,12.39,302.62521559480456
175,lora_sim_multi4,12,200,PKdhtXMmr18n2L9K88eMlGn7CcctT9RwKSB1FebW397VI5uG1yhc3uavuaOb9vyJ,250000,64,True,False,4,15,1000,0,0,0,0,0,0,16,60,21,26.666666666666668,90.1227593421936,5.96,42.60854891736756
176,lora_sim_multi4,13,200,PKdhtXMmr18n2L9K88eMlGn7CcctT9RwKSB1FebW397VI5uG1yhc3uavuaOb9vyJ,250000,64,True,False,4,15,200,0,0,0,0,0,0,39,60,50,65.0,12.7358078956604,12.39,301.5120855669032
