,template,run,mean,source_data,bw,sf,paylen,impl_head,has_crc,cr,frames,frame_period,num_right,num_total,num_dec,num_per,time,load,data_rate
0,lora_sim_chain,0,200,PKdhtXMmr18n2L9K88eMlGn7CcctT9RwKSB1FebW397VI5uG1yhc3uavuaOb9vyJ,250000,7,64,True,False,4,100,200,0,100,0,0.0,21.729567527770996,3.8,294.5295617052949
1,lora_sim_chain,0,200,PKdhtXMmr18n2L9K88eMlGn7CcctT9RwKSB1FebW397VI5uG1yhc3uavuaOb9vyJ,250000,8,64,True,False,4,100,200,63,100,63,63.0,21.644707918167114,4.42,295.68428570146096
2,lora_sim_chain,0,200,PKdhtXMmr18n2L9K88eMlGn7CcctT9RwKSB1FebW397VI5uG1yhc3uavuaOb9vyJ,250000,9,64,True,False,4,100,200,66,100,66,66.0,27.118884325027466,4.42,235.99790917997205
3,lora_sim_chain,0,200,PKdhtXMmr18n2L9K88eMlGn7CcctT9RwKSB1FebW397VI5uG1yhc3uavuaOb9vyJ,250000,10,64,True,False,4,100,200,61,100,62,61.0,47.327316761016846,2.57,135.22845658707683
4,lora_sim_chain,0,200,PKdhtXMmr18n2L9K88eMlGn7CcctT9RwKSB1FebW397VI5uG1yhc3uavuaOb9vyJ,250000,11,64,True,False,4,100,200,0,100,0,0.0,265.88173961639404,1.71,24.07085198567499
5,lora_sim_chain,0,200,PKdhtXMmr18n2L9K88eMlGn7CcctT9RwKSB1FebW397VI5uG1yhc3uavuaOb9vyJ,250000,12,64,True,False,4,100,200,54,100,55,54.0,388.03617668151855,2.37,16.49330754346859
6,lora_sim_chain,0,1000,PKdhtXMmr18n2L9K88eMlGn7CcctT9RwKSB1FebW397VI5uG1yhc3uavuaOb9vyJ,250000,7,64,True,False,4,100,200,66,100,83,66.0,103.31978845596313,2.44,61.94360340495473
7,lora_sim_chain,0,1000,PKdhtXMmr18n2L9K88eMlGn7CcctT9RwKSB1FebW397VI5uG1yhc3uavuaOb9vyJ,250000,8,64,True,False,4,100,200,82,100,82,82.0,103.43452763557434,2.58,61.87488980999456
8,lora_sim_chain,0,1000,PKdhtXMmr18n2L9K88eMlGn7CcctT9RwKSB1FebW397VI5uG1yhc3uavuaOb9vyJ,250000,9,64,True,False,4,100,200,76,100,76,76.0,103.21792340278625,2.42,62.004735117808416
9,lora_sim_chain,0,1000,PKdhtXMmr18n2L9K88eMlGn7CcctT9RwKSB1FebW397VI5uG1yhc3uavuaOb9vyJ,250000,10,64,True,False,4,100,200,74,100,74,74.0,103.23024702072144,2.32,61.997332997908316
10,lora_sim_chain,0,1000,PKdhtXMmr18n2L9K88eMlGn7CcctT9RwKSB1FebW397VI5uG1yhc3uavuaOb9vyJ,250000,11,64,True,False,4,100,200,84,100,84,84.0,103.26764607429504,2.24,61.97488025819407
11,lora_sim_chain,0,1000,PKdhtXMmr18n2L9K88eMlGn7CcctT9RwKSB1FebW397VI5uG1yhc3uavuaOb9vyJ,250000,12,64,True,False,4,100,200,71,100,72,71.0,713.3568305969238,2.4,8.971667089308724
12,lora_sim_chain,1,200,PKdhtXMmr18n2L9K88eMlGn7CcctT9RwKSB1FebW397VI5uG1yhc3uavuaOb9vyJ,250000,7,64,True,False,4,100,200,69,100,69,69.0,21.672400951385498,2.05,295.30645978524376
13,lora_sim_chain,1,200,PKdhtXMmr18n2L9K88eMlGn7CcctT9RwKSB1FebW397VI5uG1yhc3uavuaOb9vyJ,250000,8,64,True,False,4,100,200,66,100,67,66.0,21.612279415130615,2.03,296.12795009115985
14,lora_sim_chain,1,200,PKdhtXMmr18n2L9K88eMlGn7CcctT9RwKSB1FebW397VI5uG1yhc3uavuaOb9vyJ,250000,9,64,True,False,4,100,200,65,100,65,65.0,27.065624237060547,2.53,236.46230894008266
15,lora_sim_chain,1,200,PKdhtXMmr18n2L9K88eMlGn7CcctT9RwKSB1FebW397VI5uG1yhc3uavuaOb9vyJ,250000,10,64,True,False,4,100,200,74,100,74,74.0,47.881032943725586,2.21,133.6646184622186
16,lora_sim_chain,1,200,PKdhtXMmr18n2L9K88eMlGn7CcctT9RwKSB1FebW397VI5uG1yhc3uavuaOb9vyJ,250000,11,64,True,False,4,100,200,68,100,68,68.0,265.6551411151886,1.11,24.09138393909323
17,lora_sim_chain,1,200,PKdhtXMmr18n2L9K88eMlGn7CcctT9RwKSB1FebW397VI5uG1yhc3uavuaOb9vyJ,250000,12,64,True,False,4,100,200,59,100,61,59.0,387.9514060020447,0.85,16.496911471346152
18,lora_sim_chain,1,1000,PKdhtXMmr18n2L9K88eMlGn7CcctT9RwKSB1FebW397VI5uG1yhc3uavuaOb9vyJ,250000,7,64,True,False,4,100,200,60,100,60,60.0,103.18969917297363,2.34,62.02169452274381
19,lora_sim_chain,1,1000,PKdhtXMmr18n2L9K88eMlGn7CcctT9RwKSB1FebW397VI5uG1yhc3uavuaOb9vyJ,250000,8,64,True,False,4,100,200,72,100,72,72.0,103.24448919296265,2.93,61.9887807090457
20,lora_sim_chain,1,1000,PKdhtXMmr18n2L9K88eMlGn7CcctT9RwKSB1FebW397VI5uG1yhc3uavuaOb9vyJ,250000,9,64,True,False,4,100,200,71,100,71,71.0,103.27105784416199,3.91,61.972832791717146
21,lora_sim_chain,1,1000,PKdhtXMmr18n2L9K88eMlGn7CcctT9RwKSB1FebW397VI5uG1yhc3uavuaOb9vyJ,250000,10,64,True,False,4,100,200,72,100,72,72.0,103.2070324420929,2.82,62.011278190668776
22,lora_sim_chain,1,1000,PKdhtXMmr18n2L9K88eMlGn7CcctT9RwKSB1FebW397VI5uG1yhc3uavuaOb9vyJ,250000,11,64,True,False,4,100,200,64,100,64,64.0,103.15369129180908,2.47,62.04334444896585
23,lora_sim_chain,1,1000,PKdhtXMmr18n2L9K88eMlGn7CcctT9RwKSB1FebW397VI5uG1yhc3uavuaOb9vyJ,250000,12,64,True,False,4,100,200,77,100,77,77.0,713.3174619674683,0.63,8.97216224364893
24,lora_sim_chain,2,200,PKdhtXMmr18n2L9K88eMlGn7CcctT9RwKSB1FebW397VI5uG1yhc3uavuaOb9vyJ,250000,7,64,True,False,4,100,200,65,100,65,65.0,21.61310362815857,0.96,296.11665728848766
25,lora_sim_chain,2,200,PKdhtXMmr18n2L9K88eMlGn7CcctT9RwKSB1FebW397VI5uG1yhc3uavuaOb9vyJ,250000,8,64,True,False,4,100,200,68,100,68,68.0,21.586042881011963,1.27,296.4878757666938
26,lora_sim_chain,2,200,PKdhtXMmr18n2L9K88eMlGn7CcctT9RwKSB1FebW397VI5uG1yhc3uavuaOb9vyJ,250000,9,64,True,False,4,100,200,66,100,66,66.0,27.103410243988037,1.25,236.13264686570653
27,lora_sim_chain,2,200,PKdhtXMmr18n2L9K88eMlGn7CcctT9RwKSB1FebW397VI5uG1yhc3uavuaOb9vyJ,250000,10,64,True,False,4,100,200,75,100,75,75.0,47.94079875946045,1.01,133.4979842974988
28,lora_sim_chain,2,200,PKdhtXMmr18n2L9K88eMlGn7CcctT9RwKSB1FebW397VI5uG1yhc3uavuaOb9vyJ,250000,11,64,True,False,4,100,200,58,100,58,57.99999999999999,265.6710889339447,2.0,24.089937771103383
29,lora_sim_chain,2,200,PKdhtXMmr18n2L9K88eMlGn7CcctT9RwKSB1FebW397VI5uG1yhc3uavuaOb9vyJ,250000,12,64,True,False,4,100,200,64,100,66,64.0,388.00183486938477,1.27,16.494767356330847
30,lora_sim_chain,2,1000,PKdhtXMmr18n2L9K88eMlGn7CcctT9RwKSB1FebW397VI5uG1yhc3uavuaOb9vyJ,250000,7,64,True,False,4,100,200,65,100,65,65.0,103.16951870918274,1.48,62.03382627033967
31,lora_sim_chain,2,1000,PKdhtXMmr18n2L9K88eMlGn7CcctT9RwKSB1FebW397VI5uG1yhc3uavuaOb9vyJ,250000,8,64,True,False,4,100,200,60,100,60,60.0,103.13916659355164,1.31,62.052081778214934
32,lora_sim_chain,2,1000,PKdhtXMmr18n2L9K88eMlGn7CcctT9RwKSB1FebW397VI5uG1yhc3uavuaOb9vyJ,250000,9,64,True,False,4,100,200,78,100,78,78.0,103.17727541923523,1.98,62.029162661983364
33,lora_sim_chain,2,1000,PKdhtXMmr18n2L9K88eMlGn7CcctT9RwKSB1FebW397VI5uG1yhc3uavuaOb9vyJ,250000,10,64,True,False,4,100,200,75,100,75,75.0,103.28122782707214,1.96,61.966730398633274
34,lora_sim_chain,2,1000,PKdhtXMmr18n2L9K88eMlGn7CcctT9RwKSB1FebW397VI5uG1yhc3uavuaOb9vyJ,250000,11,64,True,False,4,100,200,68,100,68,68.0,103.25367665290833,2.1,61.983264978678434
35,lora_sim_chain,2,1000,PKdhtXMmr18n2L9K88eMlGn7CcctT9RwKSB1FebW397VI5uG1yhc3uavuaOb9vyJ,250000,12,64,True,False,4,100,200,72,100,73,72.0,713.2453713417053,2.47,8.9730690967693
36,lora_sim_chain,3,200,PKdhtXMmr18n2L9K88eMlGn7CcctT9RwKSB1FebW397VI5uG1yhc3uavuaOb9vyJ,250000,7,64,True,False,4,100,200,65,100,73,65.0,21.689615964889526,3.14,295.0720755203836
37,lora_sim_chain,3,200,PKdhtXMmr18n2L9K88eMlGn7CcctT9RwKSB1FebW397VI5uG1yhc3uavuaOb9vyJ,250000,8,64,True,False,4,100,200,70,100,70,70.0,21.61448383331299,3.85,296.09774859097485
38,lora_sim_chain,3,200,PKdhtXMmr18n2L9K88eMlGn7CcctT9RwKSB1FebW397VI5uG1yhc3uavuaOb9vyJ,250000,9,64,True,False,4,100,200,62,100,62,62.0,26.960711002349854,3.82,237.38246366878775
39,lora_sim_chain,3,200,PKdhtXMmr18n2L9K88eMlGn7CcctT9RwKSB1FebW397VI5uG1yhc3uavuaOb9vyJ,250000,10,64,True,False,4,100,200,66,100,66,66.0,47.545185565948486,3.49,134.6087921167697
40,lora_sim_chain,3,200,PKdhtXMmr18n2L9K88eMlGn7CcctT9RwKSB1FebW397VI5uG1yhc3uavuaOb9vyJ,250000,11,64,True,False,4,100,200,67,100,68,67.0,265.70843982696533,1.69,24.086551425192997
41,lora_sim_chain,3,200,PKdhtXMmr18n2L9K88eMlGn7CcctT9RwKSB1FebW397VI5uG1yhc3uavuaOb9vyJ,250000,12,64,True,False,4,100,200,60,100,62,60.0,387.96057987213135,0.96,16.496521378819953
42,lora_sim_chain,3,1000,PKdhtXMmr18n2L9K88eMlGn7CcctT9RwKSB1FebW397VI5uG1yhc3uavuaOb9vyJ,250000,7,64,True,False,4,100,200,61,100,61,61.0,103.16433572769165,1.17,62.03694285293687
43,lora_sim_chain,3,1000,PKdhtXMmr18n2L9K88eMlGn7CcctT9RwKSB1FebW397VI5uG1yhc3uavuaOb9vyJ,250000,8,64,True,False,4,100,200,70,100,71,70.0,103.18419694900513,1.06,62.02500178552494
44,lora_sim_chain,3,1000,PKdhtXMmr18n2L9K88eMlGn7CcctT9RwKSB1FebW397VI5uG1yhc3uavuaOb9vyJ,250000,9,64,True,False,4,100,200,72,100,72,72.0,103.18199229240417,2.25,62.026327053884
45,lora_sim_chain,3,1000,PKdhtXMmr18n2L9K88eMlGn7CcctT9RwKSB1FebW397VI5uG1yhc3uavuaOb9vyJ,250000,10,64,True,False,4,100,200,68,100,68,68.0,103.26782965660095,1.78,61.97477008359793
46,lora_sim_chain,3,1000,PKdhtXMmr18n2L9K88eMlGn7CcctT9RwKSB1FebW397VI5uG1yhc3uavuaOb9vyJ,250000,11,64,True,False,4,100,200,72,100,72,72.0,103.24197340011597,2.36,61.99029124711414
47,lora_sim_chain,3,1000,PKdhtXMmr18n2L9K88eMlGn7CcctT9RwKSB1FebW397VI5uG1yhc3uavuaOb9vyJ,250000,12,64,True,False,4,100,200,79,100,79,79.0,713.401643037796,2.02,8.971103532573345
48,lora_sim_chain,4,200,PKdhtXMmr18n2L9K88eMlGn7CcctT9RwKSB1FebW397VI5uG1yhc3uavuaOb9vyJ,250000,7,64,True,False,4,100,200,61,100,61,61.0,21.595073461532593,1.96,296.36389111620065
49,lora_sim_chain,4,200,PKdhtXMmr18n2L9K88eMlGn7CcctT9RwKSB1FebW397VI5uG1yhc3uavuaOb9vyJ,250000,8,64,True,False,4,100,200,69,100,69,69.0,21.643632411956787,1.72,295.6989787196899
50,lora_sim_chain,4,200,PKdhtXMmr18n2L9K88eMlGn7CcctT9RwKSB1FebW397VI5uG1yhc3uavuaOb9vyJ,250000,9,64,True,False,4,100,200,64,100,64,64.0,27.10235285758972,1.79,236.1418594772575
51,lora_sim_chain,4,200,PKdhtXMmr18n2L9K88eMlGn7CcctT9RwKSB1FebW397VI5uG1yhc3uavuaOb9vyJ,250000,10,64,True,False,4,100,200,68,100,68,68.0,47.67166566848755,2.13,134.25165473566824
52,lora_sim_chain,4,200,PKdhtXMmr18n2L9K88eMlGn7CcctT9RwKSB1FebW397VI5uG1yhc3uavuaOb9vyJ,250000,11,64,True,False,4,100,200,65,100,66,65.0,265.5991334915161,1.02,24.096464155838188
53,lora_sim_chain,4,200,PKdhtXMmr18n2L9K88eMlGn7CcctT9RwKSB1FebW397VI5uG1yhc3uavuaOb9vyJ,250000,12,64,True,False,4,100,200,55,100,57,55.00000000000001,387.99489855766296,1.28,16.49506223868262
54,lora_sim_chain,4,1000,PKdhtXMmr18n2L9K88eMlGn7CcctT9RwKSB1FebW397VI5uG1yhc3uavuaOb9vyJ,250000,7,64,True,False,4,100,200,64,100,65,64.0,103.29205250740051,2.45,61.960236481325246
55,lora_sim_chain,4,1000,PKdhtXMmr18n2L9K88eMlGn7CcctT9RwKSB1FebW397VI5uG1yhc3uavuaOb9vyJ,250000,8,64,True,False,4,100,200,66,100,67,66.0,103.19235682487488,2.71,62.020097194419904
56,lora_sim_chain,4,1000,PKdhtXMmr18n2L9K88eMlGn7CcctT9RwKSB1FebW397VI5uG1yhc3uavuaOb9vyJ,250000,9,64,True,False,4,100,200,70,100,70,70.0,103.27263569831848,3.16,61.97188593787586
57,lora_sim_chain,4,1000,PKdhtXMmr18n2L9K88eMlGn7CcctT9RwKSB1FebW397VI5uG1yhc3uavuaOb9vyJ,250000,10,64,True,False,4,100,200,83,100,83,83.0,103.15571069717407,2.86,62.04212987090909
58,lora_sim_chain,4,1000,PKdhtXMmr18n2L9K88eMlGn7CcctT9RwKSB1FebW397VI5uG1yhc3uavuaOb9vyJ,250000,11,64,True,False,4,100,200,76,100,76,76.0,103.29088878631592,2.32,61.960934552902
59,lora_sim_chain,4,1000,PKdhtXMmr18n2L9K88eMlGn7CcctT9RwKSB1FebW397VI5uG1yhc3uavuaOb9vyJ,250000,12,64,True,False,4,100,200,64,100,65,64.0,713.3388826847076,1.01,8.971892820300347
60,lora_sim_chain,5,200,PKdhtXMmr18n2L9K88eMlGn7CcctT9RwKSB1FebW397VI5uG1yhc3uavuaOb9vyJ,250000,7,64,True,False,4,100,200,60,100,60,60.0,21.72631549835205,1.15,294.57364735799047
61,lora_sim_chain,5,200,PKdhtXMmr18n2L9K88eMlGn7CcctT9RwKSB1FebW397VI5uG1yhc3uavuaOb9vyJ,250000,8,64,True,False,4,100,200,70,100,70,70.0,21.75322437286377,1.28,294.2092579150579
62,lora_sim_chain,5,200,PKdhtXMmr18n2L9K88eMlGn7CcctT9RwKSB1FebW397VI5uG1yhc3uavuaOb9vyJ,250000,9,64,True,False,4,100,200,68,100,68,68.0,27.260955572128296,1.19,234.76799934861359
63,lora_sim_chain,5,200,PKdhtXMmr18n2L9K88eMlGn7CcctT9RwKSB1FebW397VI5uG1yhc3uavuaOb9vyJ,250000,10,64,True,False,4,100,200,72,100,72,72.0,47.87277817726135,0.92,133.68766642918328
64,lora_sim_chain,5,200,PKdhtXMmr18n2L9K88eMlGn7CcctT9RwKSB1FebW397VI5uG1yhc3uavuaOb9vyJ,250000,11,64,True,False,4,100,200,61,100,62,61.0,265.70170545578003,2.43,24.087161913475686
65,lora_sim_chain,5,200,PKdhtXMmr18n2L9K88eMlGn7CcctT9RwKSB1FebW397VI5uG1yhc3uavuaOb9vyJ,250000,12,64,True,False,4,100,200,62,100,64,62.0,388.0269727706909,2.37,16.49369876094195
66,lora_sim_chain,5,1000,PKdhtXMmr18n2L9K88eMlGn7CcctT9RwKSB1FebW397VI5uG1yhc3uavuaOb9vyJ,250000,7,64,True,False,4,100,200,65,100,65,65.0,103.22894215583801,2.06,61.998116674859816
67,lora_sim_chain,5,1000,PKdhtXMmr18n2L9K88eMlGn7CcctT9RwKSB1FebW397VI5uG1yhc3uavuaOb9vyJ,250000,8,64,True,False,4,100,200,71,100,72,71.0,103.3549530506134,1.57,61.92252824947722
68,lora_sim_chain,5,1000,PKdhtXMmr18n2L9K88eMlGn7CcctT9RwKSB1FebW397VI5uG1yhc3uavuaOb9vyJ,250000,9,64,True,False,4,100,200,63,100,63,63.0,103.20252990722656,1.93,62.01398362766155
69,lora_sim_chain,5,1000,PKdhtXMmr18n2L9K88eMlGn7CcctT9RwKSB1FebW397VI5uG1yhc3uavuaOb9vyJ,250000,10,64,True,False,4,100,200,69,100,69,69.0,103.23633790016174,3.26,61.99367519399362
70,lora_sim_chain,5,1000,PKdhtXMmr18n2L9K88eMlGn7CcctT9RwKSB1FebW397VI5uG1yhc3uavuaOb9vyJ,250000,11,64,True,False,4,100,200,62,100,62,62.0,103.29054951667786,1.78,61.961138070686914
71,lora_sim_chain,5,1000,PKdhtXMmr18n2L9K88eMlGn7CcctT9RwKSB1FebW397VI5uG1yhc3uavuaOb9vyJ,250000,12,64,True,False,4,100,200,73,100,74,73.0,713.4133822917938,1.76,8.970955912602058
72,lora_sim_chain,6,200,PKdhtXMmr18n2L9K88eMlGn7CcctT9RwKSB1FebW397VI5uG1yhc3uavuaOb9vyJ,250000,7,64,True,False,4,100,200,60,100,60,60.0,21.63896369934082,2.3,295.7627772255545
73,lora_sim_chain,6,200,PKdhtXMmr18n2L9K88eMlGn7CcctT9RwKSB1FebW397VI5uG1yhc3uavuaOb9vyJ,250000,8,64,True,False,4,100,200,61,100,61,61.0,21.642017602920532,3.3,295.72104216089065
74,lora_sim_chain,6,200,PKdhtXMmr18n2L9K88eMlGn7CcctT9RwKSB1FebW397VI5uG1yhc3uavuaOb9vyJ,250000,9,64,True,False,4,100,200,65,100,65,65.0,27.029247760772705,2.63,236.7805444178236
75,lora_sim_chain,6,200,PKdhtXMmr18n2L9K88eMlGn7CcctT9RwKSB1FebW397VI5uG1yhc3uavuaOb9vyJ,250000,10,64,True,False,4,100,200,62,100,62,62.0,47.34286904335022,2.15,135.18403361105433
76,lora_sim_chain,6,200,PKdhtXMmr18n2L9K88eMlGn7CcctT9RwKSB1FebW397VI5uG1yhc3uavuaOb9vyJ,250000,11,64,True,False,4,100,200,59,100,59,59.0,265.6751928329468,1.48,24.089565652538134
77,lora_sim_chain,6,200,PKdhtXMmr18n2L9K88eMlGn7CcctT9RwKSB1FebW397VI5uG1yhc3uavuaOb9vyJ,250000,12,64,True,False,4,100,200,55,100,58,55.00000000000001,388.2731692790985,1.49,16.48324042550453
78,lora_sim_chain,6,1000,PKdhtXMmr18n2L9K88eMlGn7CcctT9RwKSB1FebW397VI5uG1yhc3uavuaOb9vyJ,250000,7,64,True,False,4,100,200,71,100,71,71.0,103.25659680366516,1.15,61.98151205940992
79,lora_sim_chain,6,1000,PKdhtXMmr18n2L9K88eMlGn7CcctT9RwKSB1FebW397VI5uG1yhc3uavuaOb9vyJ,250000,8,64,True,False,4,100,200,66,100,66,66.0,103.24980926513672,1.33,61.985586661621284
80,lora_sim_chain,6,1000,PKdhtXMmr18n2L9K88eMlGn7CcctT9RwKSB1FebW397VI5uG1yhc3uavuaOb9vyJ,250000,9,64,True,False,4,100,200,73,100,73,73.0,103.23466491699219,1.43,61.99467984078839
81,lora_sim_chain,6,1000,PKdhtXMmr18n2L9K88eMlGn7CcctT9RwKSB1FebW397VI5uG1yhc3uavuaOb9vyJ,250000,10,64,True,False,4,100,200,66,100,66,66.0,103.23769974708557,1.24,61.99285741234925
82,lora_sim_chain,6,1000,PKdhtXMmr18n2L9K88eMlGn7CcctT9RwKSB1FebW397VI5uG1yhc3uavuaOb9vyJ,250000,11,64,True,False,4,100,200,69,100,69,69.0,103.26492071151733,1.52,61.97651589622724
83,lora_sim_chain,6,1000,PKdhtXMmr18n2L9K88eMlGn7CcctT9RwKSB1FebW397VI5uG1yhc3uavuaOb9vyJ,250000,12,64,True,False,4,100,200,65,100,66,65.0,713.3609030246735,1.23,8.971615871943348
84,lora_sim_chain,7,200,PKdhtXMmr18n2L9K88eMlGn7CcctT9RwKSB1FebW397VI5uG1yhc3uavuaOb9vyJ,250000,7,64,True,False,4,100,200,62,100,63,62.0,21.670480966567993,1.49,295.3326236678162
85,lora_sim_chain,7,200,PKdhtXMmr18n2L9K88eMlGn7CcctT9RwKSB1FebW397VI5uG1yhc3uavuaOb9vyJ,250000,8,64,True,False,4,100,200,68,100,68,68.0,21.64073610305786,1.39,295.73855387921265
86,lora_sim_chain,7,200,PKdhtXMmr18n2L9K88eMlGn7CcctT9RwKSB1FebW397VI5uG1yhc3uavuaOb9vyJ,250000,9,64,True,False,4,100,200,65,100,65,65.0,27.10882329940796,1.62,236.08549619856691
87,lora_sim_chain,7,200,PKdhtXMmr18n2L9K88eMlGn7CcctT9RwKSB1FebW397VI5uG1yhc3uavuaOb9vyJ,250000,10,64,True,False,4,100,200,65,100,65,65.0,47.58413529396057,1.62,134.4986088422688
88,lora_sim_chain,7,200,PKdhtXMmr18n2L9K88eMlGn7CcctT9RwKSB1FebW397VI5uG1yhc3uavuaOb9vyJ,250000,11,64,True,False,4,100,200,58,100,58,57.99999999999999,265.64310002326965,1.59,24.092475955292556
89,lora_sim_chain,7,200,PKdhtXMmr18n2L9K88eMlGn7CcctT9RwKSB1FebW397VI5uG1yhc3uavuaOb9vyJ,250000,12,64,True,False,4,100,200,81,100,83,81.0,387.95539259910583,2.41,16.496741950468124
90,lora_sim_chain,7,1000,PKdhtXMmr18n2L9K88eMlGn7CcctT9RwKSB1FebW397VI5uG1yhc3uavuaOb9vyJ,250000,7,64,True,False,4,100,200,36,100,78,36.0,103.30027627944946,3.16,61.95530380467351
91,lora_sim_chain,7,1000,PKdhtXMmr18n2L9K88eMlGn7CcctT9RwKSB1FebW397VI5uG1yhc3uavuaOb9vyJ,250000,8,64,True,False,4,100,200,71,100,71,71.0,103.29595923423767,3.53,61.95789310099853
92,lora_sim_chain,7,1000,PKdhtXMmr18n2L9K88eMlGn7CcctT9RwKSB1FebW397VI5uG1yhc3uavuaOb9vyJ,250000,9,64,True,False,4,100,200,66,100,66,66.0,103.225168466568,4.17,62.000383192135914
93,lora_sim_chain,7,1000,PKdhtXMmr18n2L9K88eMlGn7CcctT9RwKSB1FebW397VI5uG1yhc3uavuaOb9vyJ,250000,10,64,True,False,4,100,200,91,100,91,91.0,103.2900984287262,3.38,61.961408667029445
94,lora_sim_chain,7,1000,PKdhtXMmr18n2L9K88eMlGn7CcctT9RwKSB1FebW397VI5uG1yhc3uavuaOb9vyJ,250000,11,64,True,False,4,100,200,75,100,75,75.0,103.26221895217896,2.9,61.97813745377542
95,lora_sim_chain,7,1000,PKdhtXMmr18n2L9K88eMlGn7CcctT9RwKSB1FebW397VI5uG1yhc3uavuaOb9vyJ,250000,12,64,True,False,4,100,200,66,100,66,66.0,713.4247024059296,1.27,8.970813567874584
96,lora_sim_chain,8,200,PKdhtXMmr18n2L9K88eMlGn7CcctT9RwKSB1FebW397VI5uG1yhc3uavuaOb9vyJ,250000,7,64,True,False,4,100,200,65,100,65,65.0,21.61597442626953,1.43,296.0773303017137
97,lora_sim_chain,8,200,PKdhtXMmr18n2L9K88eMlGn7CcctT9RwKSB1FebW397VI5uG1yhc3uavuaOb9vyJ,250000,8,64,True,False,4,100,200,62,100,62,62.0,21.676542043685913,1.15,295.25004436139915
98,lora_sim_chain,8,200,PKdhtXMmr18n2L9K88eMlGn7CcctT9RwKSB1FebW397VI5uG1yhc3uavuaOb9vyJ,250000,9,64,True,False,4,100,200,70,100,70,70.0,27.22974681854248,1.05,235.03707333928753
99,lora_sim_chain,8,200,PKdhtXMmr18n2L9K88eMlGn7CcctT9RwKSB1FebW397VI5uG1yhc3uavuaOb9vyJ,250000,10,64,True,False,4,100,200,70,100,70,70.0,47.76709270477295,1.96,133.98345257383653
100,lora_sim_chain,8,200,PKdhtXMmr18n2L9K88eMlGn7CcctT9RwKSB1FebW397VI5uG1yhc3uavuaOb9vyJ,250000,11,64,True,False,4,100,200,77,100,78,77.0,265.53048038482666,2.76,24.102694314884832
101,lora_sim_chain,8,200,PKdhtXMmr18n2L9K88eMlGn7CcctT9RwKSB1FebW397VI5uG1yhc3uavuaOb9vyJ,250000,12,64,True,False,4,100,200,76,100,78,76.0,388.0082206726074,2.41,16.49449588698322
102,lora_sim_chain,8,1000,PKdhtXMmr18n2L9K88eMlGn7CcctT9RwKSB1FebW397VI5uG1yhc3uavuaOb9vyJ,250000,7,64,True,False,4,100,200,73,100,74,73.0,103.27155828475952,1.71,61.97253247939506
103,lora_sim_chain,8,1000,PKdhtXMmr18n2L9K88eMlGn7CcctT9RwKSB1FebW397VI5uG1yhc3uavuaOb9vyJ,250000,8,64,True,False,4,100,200,69,100,69,69.0,103.28733015060425,1.76,61.963069339367166
104,lora_sim_chain,8,1000,PKdhtXMmr18n2L9K88eMlGn7CcctT9RwKSB1FebW397VI5uG1yhc3uavuaOb9vyJ,250000,9,64,True,False,4,100,200,65,100,65,65.0,103.24602246284485,2.99,61.9878601357565
105,lora_sim_chain,8,1000,PKdhtXMmr18n2L9K88eMlGn7CcctT9RwKSB1FebW397VI5uG1yhc3uavuaOb9vyJ,250000,10,64,True,False,4,100,200,75,100,75,75.0,103.24696922302246,2.09,61.98729171580273
106,lora_sim_chain,8,1000,PKdhtXMmr18n2L9K88eMlGn7CcctT9RwKSB1FebW397VI5uG1yhc3uavuaOb9vyJ,250000,11,64,True,False,4,100,200,64,100,64,64.0,103.32072830200195,1.3,61.94303994154088
107,lora_sim_chain,8,1000,PKdhtXMmr18n2L9K88eMlGn7CcctT9RwKSB1FebW397VI5uG1yhc3uavuaOb9vyJ,250000,12,64,True,False,4,100,200,67,100,67,67.0,713.4165983200073,2.35,8.970915472209466
108,lora_sim_chain,9,200,PKdhtXMmr18n2L9K88eMlGn7CcctT9RwKSB1FebW397VI5uG1yhc3uavuaOb9vyJ,250000,7,64,True,False,4,100,200,68,100,68,68.0,21.716050386428833,3.17,294.7128914381041
109,lora_sim_chain,9,200,PKdhtXMmr18n2L9K88eMlGn7CcctT9RwKSB1FebW397VI5uG1yhc3uavuaOb9vyJ,250000,8,64,True,False,4,100,200,65,100,66,65.0,21.684616327285767,3.88,295.14010777985845
110,lora_sim_chain,9,200,PKdhtXMmr18n2L9K88eMlGn7CcctT9RwKSB1FebW397VI5uG1yhc3uavuaOb9vyJ,250000,9,64,True,False,4,100,200,70,100,70,70.0,27.380022287368774,3.67,233.74707050375602
111,lora_sim_chain,9,200,PKdhtXMmr18n2L9K88eMlGn7CcctT9RwKSB1FebW397VI5uG1yhc3uavuaOb9vyJ,250000,10,64,True,False,4,100,200,65,100,65,65.0,47.567535161972046,2.62,134.54554620514565
112,lora_sim_chain,9,200,PKdhtXMmr18n2L9K88eMlGn7CcctT9RwKSB1FebW397VI5uG1yhc3uavuaOb9vyJ,250000,11,64,True,False,4,100,200,0,100,0,0.0,265.73606967926025,2.13,24.084047031043664
113,lora_sim_chain,9,200,PKdhtXMmr18n2L9K88eMlGn7CcctT9RwKSB1FebW397VI5uG1yhc3uavuaOb9vyJ,250000,12,64,True,False,4,100,200,62,100,65,62.0,388.0928375720978,1.9,16.49089954877367
114,lora_sim_chain,9,1000,PKdhtXMmr18n2L9K88eMlGn7CcctT9RwKSB1FebW397VI5uG1yhc3uavuaOb9vyJ,250000,7,64,True,False,4,100,200,62,100,62,62.0,103.35081648826599,2.36,61.92500666626692
115,lora_sim_chain,9,1000,PKdhtXMmr18n2L9K88eMlGn7CcctT9RwKSB1FebW397VI5uG1yhc3uavuaOb9vyJ,250000,8,64,True,False,4,100,200,61,100,61,61.0,103.20962047576904,1.42,62.009723226359064
116,lora_sim_chain,9,1000,PKdhtXMmr18n2L9K88eMlGn7CcctT9RwKSB1FebW397VI5uG1yhc3uavuaOb9vyJ,250000,9,64,True,False,4,100,200,74,100,74,74.0,103.34967684745789,1.16,61.92568951566511
117,lora_sim_chain,9,1000,PKdhtXMmr18n2L9K88eMlGn7CcctT9RwKSB1FebW397VI5uG1yhc3uavuaOb9vyJ,250000,10,64,True,False,4,100,200,70,100,70,70.0,103.37305617332458,1.63,61.91168411688616
118,lora_sim_chain,9,1000,PKdhtXMmr18n2L9K88eMlGn7CcctT9RwKSB1FebW397VI5uG1yhc3uavuaOb9vyJ,250000,11,64,True,False,4,100,200,74,100,74,74.0,103.2152886390686,1.19,62.00631790489902
119,lora_sim_chain,9,1000,PKdhtXMmr18n2L9K88eMlGn7CcctT9RwKSB1FebW397VI5uG1yhc3uavuaOb9vyJ,250000,12,64,True,False,4,100,200,66,100,67,66.0,713.4619824886322,2.57,8.970344821564439
120,lora_sim_chain,10,200,PKdhtXMmr18n2L9K88eMlGn7CcctT9RwKSB1FebW397VI5uG1yhc3uavuaOb9vyJ,250000,7,64,True,False,4,100,200,68,100,70,68.0,21.78602170944214,2.33,293.76634639201785
121,lora_sim_chain,10,200,PKdhtXMmr18n2L9K88eMlGn7CcctT9RwKSB1FebW397VI5uG1yhc3uavuaOb9vyJ,250000,8,64,True,False,4,100,200,65,100,66,65.0,21.742985486984253,2.03,294.3478025973552
122,lora_sim_chain,10,200,PKdhtXMmr18n2L9K88eMlGn7CcctT9RwKSB1FebW397VI5uG1yhc3uavuaOb9vyJ,250000,9,64,True,False,4,100,200,71,100,71,71.0,27.378915309906006,2.09,233.75652130690534
123,lora_sim_chain,10,200,PKdhtXMmr18n2L9K88eMlGn7CcctT9RwKSB1FebW397VI5uG1yhc3uavuaOb9vyJ,250000,10,64,True,False,4,100,200,74,100,74,74.0,47.982550859451294,1.72,133.38182079453512
124,lora_sim_chain,10,200,PKdhtXMmr18n2L9K88eMlGn7CcctT9RwKSB1FebW397VI5uG1yhc3uavuaOb9vyJ,250000,11,64,True,False,4,100,200,62,100,62,62.0,265.6986014842987,1.56,24.087443306991602
125,lora_sim_chain,10,200,PKdhtXMmr18n2L9K88eMlGn7CcctT9RwKSB1FebW397VI5uG1yhc3uavuaOb9vyJ,250000,12,64,True,False,4,100,200,61,100,63,61.0,388.0103244781494,1.63,16.494406453249965
126,lora_sim_chain,10,1000,PKdhtXMmr18n2L9K88eMlGn7CcctT9RwKSB1FebW397VI5uG1yhc3uavuaOb9vyJ,250000,7,64,True,False,4,100,200,68,100,71,68.0,103.65392470359802,2.3,61.74392352533704
127,lora_sim_chain,10,1000,PKdhtXMmr18n2L9K88eMlGn7CcctT9RwKSB1FebW397VI5uG1yhc3uavuaOb9vyJ,250000,8,64,True,False,4,100,200,67,100,67,67.0,103.32683110237122,4.01,61.93938139513047
128,lora_sim_chain,10,1000,PKdhtXMmr18n2L9K88eMlGn7CcctT9RwKSB1FebW397VI5uG1yhc3uavuaOb9vyJ,250000,9,64,True,False,4,100,200,77,100,77,77.0,103.30095219612122,4.29,61.95489842000033
129,lora_sim_chain,10,1000,PKdhtXMmr18n2L9K88eMlGn7CcctT9RwKSB1FebW397VI5uG1yhc3uavuaOb9vyJ,250000,10,64,True,False,4,100,200,81,100,81,81.0,103.56820702552795,2.51,61.79502555666045
130,lora_sim_chain,10,1000,PKdhtXMmr18n2L9K88eMlGn7CcctT9RwKSB1FebW397VI5uG1yhc3uavuaOb9vyJ,250000,11,64,True,False,4,100,200,78,100,78,78.0,103.49350714683533,3.44,61.839628170294375
131,lora_sim_chain,10,1000,PKdhtXMmr18n2L9K88eMlGn7CcctT9RwKSB1FebW397VI5uG1yhc3uavuaOb9vyJ,250000,12,64,True,False,4,100,200,78,100,78,78.0,713.7661693096161,1.38,8.96652191598033
132,lora_sim_chain,11,200,PKdhtXMmr18n2L9K88eMlGn7CcctT9RwKSB1FebW397VI5uG1yhc3uavuaOb9vyJ,250000,7,64,True,False,4,100,200,73,100,75,73.0,21.82001519203186,1.67,293.30868671150716
133,lora_sim_chain,11,200,PKdhtXMmr18n2L9K88eMlGn7CcctT9RwKSB1FebW397VI5uG1yhc3uavuaOb9vyJ,250000,8,64,True,False,4,100,200,70,100,71,70.0,21.694357872009277,1.55,295.0075792866621
134,lora_sim_chain,11,200,PKdhtXMmr18n2L9K88eMlGn7CcctT9RwKSB1FebW397VI5uG1yhc3uavuaOb9vyJ,250000,9,64,True,False,4,100,200,81,100,81,81.0,27.748879432678223,1.91,230.63994405709573
135,lora_sim_chain,11,200,PKdhtXMmr18n2L9K88eMlGn7CcctT9RwKSB1FebW397VI5uG1yhc3uavuaOb9vyJ,250000,10,64,True,False,4,100,200,75,100,75,75.0,47.99367880821228,2.18,133.35089451206824
136,lora_sim_chain,11,200,PKdhtXMmr18n2L9K88eMlGn7CcctT9RwKSB1FebW397VI5uG1yhc3uavuaOb9vyJ,250000,11,64,True,False,4,100,200,72,100,73,72.0,265.7932598590851,3.66,24.078864917015093
137,lora_sim_chain,11,200,PKdhtXMmr18n2L9K88eMlGn7CcctT9RwKSB1FebW397VI5uG1yhc3uavuaOb9vyJ,250000,12,64,True,False,4,100,200,67,100,69,67.0,388.0120255947113,1.76,16.49433413871808
138,lora_sim_chain,11,1000,PKdhtXMmr18n2L9K88eMlGn7CcctT9RwKSB1FebW397VI5uG1yhc3uavuaOb9vyJ,250000,7,64,True,False,4,100,200,53,100,74,53.0,103.32684636116028,1.88,61.93937224823411
139,lora_sim_chain,11,1000,PKdhtXMmr18n2L9K88eMlGn7CcctT9RwKSB1FebW397VI5uG1yhc3uavuaOb9vyJ,250000,8,64,True,False,4,100,200,64,100,64,64.0,103.32253050804138,1.9,61.94195949838744
140,lora_sim_chain,11,1000,PKdhtXMmr18n2L9K88eMlGn7CcctT9RwKSB1FebW397VI5uG1yhc3uavuaOb9vyJ,250000,9,64,True,False,4,100,200,76,100,76,76.0,103.28144264221191,1.74,61.96660151399038
141,lora_sim_chain,11,1000,PKdhtXMmr18n2L9K88eMlGn7CcctT9RwKSB1FebW397VI5uG1yhc3uavuaOb9vyJ,250000,10,64,True,False,4,100,200,73,100,73,73.0,103.29569959640503,1.62,61.958048834617095
142,lora_sim_chain,11,1000,PKdhtXMmr18n2L9K88eMlGn7CcctT9RwKSB1FebW397VI5uG1yhc3uavuaOb9vyJ,250000,11,64,True,False,4,100,200,64,100,64,64.0,103.32293200492859,2.15,61.94171880154073
143,lora_sim_chain,11,1000,PKdhtXMmr18n2L9K88eMlGn7CcctT9RwKSB1FebW397VI5uG1yhc3uavuaOb9vyJ,250000,12,64,True,False,4,100,200,72,100,73,72.0,713.6022922992706,2.12,8.968581055672908
144,lora_sim_chain,12,200,PKdhtXMmr18n2L9K88eMlGn7CcctT9RwKSB1FebW397VI5uG1yhc3uavuaOb9vyJ,250000,7,64,True,False,4,100,200,71,100,71,71.0,21.834290981292725,2.58,293.1169143748894
145,lora_sim_chain,12,200,PKdhtXMmr18n2L9K88eMlGn7CcctT9RwKSB1FebW397VI5uG1yhc3uavuaOb9vyJ,250000,8,64,True,False,4,100,200,63,100,63,63.0,21.623734712600708,2.81,295.9710746113878
146,lora_sim_chain,12,200,PKdhtXMmr18n2L9K88eMlGn7CcctT9RwKSB1FebW397VI5uG1yhc3uavuaOb9vyJ,250000,9,64,True,False,4,100,200,75,100,75,75.0,27.476473093032837,2.78,232.9265469527396
147,lora_sim_chain,12,200,PKdhtXMmr18n2L9K88eMlGn7CcctT9RwKSB1FebW397VI5uG1yhc3uavuaOb9vyJ,250000,10,64,True,False,4,100,200,74,100,74,74.0,48.01705050468445,3.01,133.28598763840418
148,lora_sim_chain,12,200,PKdhtXMmr18n2L9K88eMlGn7CcctT9RwKSB1FebW397VI5uG1yhc3uavuaOb9vyJ,250000,11,64,True,False,4,100,200,65,100,65,65.0,265.738960981369,3.02,24.083784990973545
149,lora_sim_chain,12,200,PKdhtXMmr18n2L9K88eMlGn7CcctT9RwKSB1FebW397VI5uG1yhc3uavuaOb9vyJ,250000,12,64,True,False,4,100,200,75,100,77,75.0,388.1328499317169,2.83,16.48919951281097
150,lora_sim_chain,12,1000,PKdhtXMmr18n2L9K88eMlGn7CcctT9RwKSB1FebW397VI5uG1yhc3uavuaOb9vyJ,250000,7,64,True,False,4,100,200,70,100,71,70.0,103.41461324691772,2.05,61.886804959750236
151,lora_sim_chain,12,1000,PKdhtXMmr18n2L9K88eMlGn7CcctT9RwKSB1FebW397VI5uG1yhc3uavuaOb9vyJ,250000,8,64,True,False,4,100,200,75,100,76,75.0,103.3918240070343,1.79,61.900445818274505
152,lora_sim_chain,12,1000,PKdhtXMmr18n2L9K88eMlGn7CcctT9RwKSB1FebW397VI5uG1yhc3uavuaOb9vyJ,250000,9,64,True,False,4,100,200,76,100,76,76.0,103.35765147209167,1.76,61.92091160012579
153,lora_sim_chain,12,1000,PKdhtXMmr18n2L9K88eMlGn7CcctT9RwKSB1FebW397VI5uG1yhc3uavuaOb9vyJ,250000,10,64,True,False,4,100,200,80,100,80,80.0,103.3251280784607,1.36,61.940402291494024
154,lora_sim_chain,12,1000,PKdhtXMmr18n2L9K88eMlGn7CcctT9RwKSB1FebW397VI5uG1yhc3uavuaOb9vyJ,250000,11,64,True,False,4,100,200,73,100,73,73.0,103.33222436904907,2.35,61.936148564290285
155,lora_sim_chain,12,1000,PKdhtXMmr18n2L9K88eMlGn7CcctT9RwKSB1FebW397VI5uG1yhc3uavuaOb9vyJ,250000,12,64,True,False,4,100,200,68,100,69,68.0,713.5746448040009,1.86,8.96892854391975
156,lora_sim_chain,13,200,PKdhtXMmr18n2L9K88eMlGn7CcctT9RwKSB1FebW397VI5uG1yhc3uavuaOb9vyJ,250000,7,64,True,False,4,100,200,63,100,64,63.0,21.73861837387085,1.85,294.40693469703683
157,lora_sim_chain,13,200,PKdhtXMmr18n2L9K88eMlGn7CcctT9RwKSB1FebW397VI5uG1yhc3uavuaOb9vyJ,250000,8,64,True,False,4,100,200,66,100,66,66.0,21.75228977203369,1.89,294.221898801123
158,lora_sim_chain,13,200,PKdhtXMmr18n2L9K88eMlGn7CcctT9RwKSB1FebW397VI5uG1yhc3uavuaOb9vyJ,250000,9,64,True,False,4,100,200,72,100,72,72.0,27.504505157470703,2.11,232.6891526809254
159,lora_sim_chain,13,200,PKdhtXMmr18n2L9K88eMlGn7CcctT9RwKSB1FebW397VI5uG1yhc3uavuaOb9vyJ,250000,10,64,True,False,4,100,200,69,100,69,69.0,47.82839369773865,2.23,133.81172782941684
160,lora_sim_chain,13,200,PKdhtXMmr18n2L9K88eMlGn7CcctT9RwKSB1FebW397VI5uG1yhc3uavuaOb9vyJ,250000,11,64,True,False,4,100,200,62,100,63,62.0,265.7477779388428,2.25,24.082985941176332
161,lora_sim_chain,13,200,PKdhtXMmr18n2L9K88eMlGn7CcctT9RwKSB1FebW397VI5uG1yhc3uavuaOb9vyJ,250000,12,64,True,False,4,100,200,74,100,76,74.0,388.27439308166504,3.75,16.48318847195751
162,lora_sim_chain,13,1000,PKdhtXMmr18n2L9K88eMlGn7CcctT9RwKSB1FebW397VI5uG1yhc3uavuaOb9vyJ,250000,7,64,True,False,4,100,200,11,100,82,11.0,103.60298013687134,4.88,61.77428478934555
163,lora_sim_chain,13,1000,PKdhtXMmr18n2L9K88eMlGn7CcctT9RwKSB1FebW397VI5uG1yhc3uavuaOb9vyJ,250000,8,64,True,False,4,100,200,80,100,80,80.0,103.49089932441711,3.1,61.841186440342554
164,lora_sim_chain,13,1000,PKdhtXMmr18n2L9K88eMlGn7CcctT9RwKSB1FebW397VI5uG1yhc3uavuaOb9vyJ,250000,9,64,True,False,4,100,200,76,100,76,76.0,103.43352603912354,3.35,61.87548897423464
165,lora_sim_chain,13,1000,PKdhtXMmr18n2L9K88eMlGn7CcctT9RwKSB1FebW397VI5uG1yhc3uavuaOb9vyJ,250000,10,64,True,False,4,100,200,79,100,79,79.0,103.37307596206665,3.67,61.911672265112024
166,lora_sim_chain,13,1000,PKdhtXMmr18n2L9K88eMlGn7CcctT9RwKSB1FebW397VI5uG1yhc3uavuaOb9vyJ,250000,11,64,True,False,4,100,200,73,100,73,73.0,103.45138359069824,2.54,61.864808162657106
167,lora_sim_chain,13,1000,PKdhtXMmr18n2L9K88eMlGn7CcctT9RwKSB1FebW397VI5uG1yhc3uavuaOb9vyJ,250000,12,64,True,False,4,100,200,82,100,83,82.0,713.4834544658661,1.63,8.97007486290095
168,lora_sim_chain,14,200,PKdhtXMmr18n2L9K88eMlGn7CcctT9RwKSB1FebW397VI5uG1yhc3uavuaOb9vyJ,250000,7,64,True,False,4,100,200,68,100,69,68.0,21.823686599731445,1.65,293.25934327148724
169,lora_sim_chain,14,200,PKdhtXMmr18n2L9K88eMlGn7CcctT9RwKSB1FebW397VI5uG1yhc3uavuaOb9vyJ,250000,8,64,True,False,4,100,200,70,100,71,70.0,21.685681581497192,2.02,295.12560976919684
170,lora_sim_chain,14,200,PKdhtXMmr18n2L9K88eMlGn7CcctT9RwKSB1FebW397VI5uG1yhc3uavuaOb9vyJ,250000,9,64,True,False,4,100,200,70,100,70,70.0,27.458564043045044,1.99,233.07846652021306
171,lora_sim_chain,14,200,PKdhtXMmr18n2L9K88eMlGn7CcctT9RwKSB1FebW397VI5uG1yhc3uavuaOb9vyJ,250000,10,64,True,False,4,100,200,72,100,72,72.0,48.0622296333313,2.13,133.1606970551691
172,lora_sim_chain,14,200,PKdhtXMmr18n2L9K88eMlGn7CcctT9RwKSB1FebW397VI5uG1yhc3uavuaOb9vyJ,250000,11,64,True,False,4,100,200,67,100,68,67.0,265.8104989528656,2.67,24.077303286409574
